-- MySQL dump 10.13  Distrib 8.0.29, for Win64 (x86_64)
--
-- Host: localhost    Database: intelligent-scheduling
-- ------------------------------------------------------
-- Server version	8.0.29

/*!40101 SET @OLD_CHARACTER_SET_CLIENT=@@CHARACTER_SET_CLIENT */;
/*!40101 SET @OLD_CHARACTER_SET_RESULTS=@@CHARACTER_SET_RESULTS */;
/*!40101 SET @OLD_COLLATION_CONNECTION=@@COLLATION_CONNECTION */;
/*!50503 SET NAMES utf8 */;
/*!40103 SET @OLD_TIME_ZONE=@@TIME_ZONE */;
/*!40103 SET TIME_ZONE='+00:00' */;
/*!40014 SET @OLD_UNIQUE_CHECKS=@@UNIQUE_CHECKS, UNIQUE_CHECKS=0 */;
/*!40014 SET @OLD_FOREIGN_KEY_CHECKS=@@FOREIGN_KEY_CHECKS, FOREIGN_KEY_CHECKS=0 */;
/*!40101 SET @OLD_SQL_MODE=@@SQL_MODE, SQL_MODE='NO_AUTO_VALUE_ON_ZERO' */;
/*!40111 SET @OLD_SQL_NOTES=@@SQL_NOTES, SQL_NOTES=0 */;

--
-- Table structure for table `employee`
--

DROP TABLE IF EXISTS `employee`;
/*!40101 SET @saved_cs_client     = @@character_set_client */;
/*!50503 SET character_set_client = utf8mb4 */;
CREATE TABLE `employee` (
  `employeeId` varchar(10) NOT NULL,
  `employeeName` varchar(10) DEFAULT NULL,
  `employeePosts` varchar(10) DEFAULT NULL,
  `storesId` varchar(10) DEFAULT NULL,
  `employeeEmail` varchar(17) DEFAULT NULL,
  `UserId` varchar(16) DEFAULT NULL,
  `PassWord` varchar(20) DEFAULT NULL,
  PRIMARY KEY (`employeeId`)
) ENGINE=InnoDB DEFAULT CHARSET=utf8mb4 COLLATE=utf8mb4_0900_ai_ci;
/*!40101 SET character_set_client = @saved_cs_client */;

--
-- Dumping data for table `employee`
--

LOCK TABLES `employee` WRITE;
/*!40000 ALTER TABLE `employee` DISABLE KEYS */;
INSERT INTO `employee` VALUES ('1','张三','门店经理','1','2727236926@qq.com','18011411638','123456'),('10','高峰','店员(导购)','1',NULL,NULL,NULL),('11','风景法','店员(库房)','1',NULL,NULL,NULL),('12','法方我','店员(导购)','1',NULL,NULL,NULL),('13','司法所','店员(导购)','1',NULL,NULL,NULL),('14','孙菲菲','店员(库房)','1',NULL,NULL,NULL),('2','李四','副经理','1',NULL,NULL,NULL),('3','王五','小组长','1',NULL,NULL,NULL),('4','李伟','店员(收银)','1',NULL,NULL,NULL),('5','达尔但','店员(导购)','1',NULL,NULL,NULL),('6','王俊峰','店员(库房)','1',NULL,NULL,NULL),('7','大阿松','店员(库房)','1',NULL,NULL,NULL),('8','梵蒂冈','店员(导购)','1',NULL,NULL,NULL),('9','凤凰山','小组长','1',NULL,NULL,NULL);
/*!40000 ALTER TABLE `employee` ENABLE KEYS */;
UNLOCK TABLES;

--
-- Table structure for table `employeepreference`
--

DROP TABLE IF EXISTS `employeepreference`;
/*!40101 SET @saved_cs_client     = @@character_set_client */;
/*!50503 SET character_set_client = utf8mb4 */;
CREATE TABLE `employeepreference` (
  `employeeId` varchar(10) NOT NULL,
  `dayPrefer` varchar(10) DEFAULT NULL,
  `startTime1` time DEFAULT NULL,
  `endTime1` time DEFAULT NULL,
  `startTime2` time DEFAULT NULL,
  `endTime2` time DEFAULT NULL,
  PRIMARY KEY (`employeeId`)
) ENGINE=InnoDB DEFAULT CHARSET=utf8mb4 COLLATE=utf8mb4_0900_ai_ci;
/*!40101 SET character_set_client = @saved_cs_client */;

--
-- Dumping data for table `employeepreference`
--

LOCK TABLES `employeepreference` WRITE;
/*!40000 ALTER TABLE `employeepreference` DISABLE KEYS */;
INSERT INTO `employeepreference` VALUES ('1','1,3,5','10:00:00','12:00:00','15:00:00','17:00:00'),('10','1,5,6','10:00:00','13:00:00','14:00:00','17:00:00'),('11','1,4,6','10:00:00','13:00:00','16:00:00','19:00:00'),('12','1,6,7','09:00:00','12:00:00','13:00:00','16:00:00'),('13','2,6,7','09:00:00','12:00:00','15:00:00','18:00:00'),('14','1,5,7','11:00:00','14:00:00','18:00:00','21:00:00'),('2','2,3,5','08:00:00','10:00:00','14:00:00','16:00:00'),('3','1,4,7','09:00:00','11:00:00','14:00:00','16:00:00'),('4','1,3,4','08:00:00','11:00:00','15:00:00','17:00:00'),('5','1,5,7','10:00:00','12:00:00','16:00:00','18:00:00'),('6','1,2,4','09:00:00','11:00:00','14:00:00','16:00:00'),('7','2,4,6','09:00:00','11:00:00','13:00:00','15:00:00'),('8','1,4,6','08:00:00','10:00:00','15:00:00','17:00:00'),('9','2,3,5','10:00:00','13:00:00','17:00:00','20:00:00');
/*!40000 ALTER TABLE `employeepreference` ENABLE KEYS */;
UNLOCK TABLES;

--
-- Table structure for table `scheduling`
--

DROP TABLE IF EXISTS `scheduling`;
/*!40101 SET @saved_cs_client     = @@character_set_client */;
/*!50503 SET character_set_client = utf8mb4 */;
CREATE TABLE `scheduling` (
  `schedulingCol` int NOT NULL AUTO_INCREMENT,
  `employeeId` varchar(10) DEFAULT NULL,
  `storesId` varchar(10) DEFAULT NULL,
  `date` date DEFAULT NULL,
  `startTime` time DEFAULT NULL,
  `endTime` time DEFAULT NULL,
  `isRest` int DEFAULT NULL,
  `dayRemainder` int DEFAULT NULL,
  `weekRemainder` int DEFAULT NULL,
  PRIMARY KEY (`schedulingCol`)
) ENGINE=InnoDB AUTO_INCREMENT=621 DEFAULT CHARSET=utf8mb4 COLLATE=utf8mb4_0900_ai_ci;
/*!40101 SET character_set_client = @saved_cs_client */;

--
-- Dumping data for table `scheduling`
--

LOCK TABLES `scheduling` WRITE;
/*!40000 ALTER TABLE `scheduling` DISABLE KEYS */;
INSERT INTO `scheduling` VALUES (1,'4','1','2023-02-06','08:00:00','11:00:00',NULL,5,37),(2,'8','1','2023-02-06','08:00:00','11:00:00',NULL,5,37),(3,'1','1','2023-02-06','10:00:00','13:00:00',NULL,5,37),(4,'10','1','2023-02-06','10:30:00','13:30:00',NULL,5,37),(5,'14','1','2023-02-06','11:00:00','13:00:00',NULL,6,38),(6,'11','1','2023-02-06','11:00:00','13:00:00',NULL,6,38),(7,'12','1','2023-02-06','11:30:00','14:30:00',NULL,5,37),(8,'13','1','2023-02-06','12:30:00','15:30:00',NULL,5,37),(9,'2','1','2023-02-06','13:00:00','15:00:00',NULL,6,38),(10,'3','1','2023-02-06','13:00:00','15:00:00',NULL,6,38),(11,'4','1','2023-02-06','13:00:00','15:00:00',NULL,3,35),(12,'5','1','2023-02-06','13:00:00','15:00:00',NULL,6,38),(13,'6','1','2023-02-06','13:00:00','15:00:00',NULL,6,38),(14,'1','1','2023-02-06','15:00:00','18:00:00',NULL,2,34),(15,'8','1','2023-02-06','15:00:00','18:00:00',NULL,2,34),(16,'10','1','2023-02-06','15:00:00','18:00:00',NULL,2,34),(17,'11','1','2023-02-06','15:00:00','18:00:00',NULL,3,35),(18,'14','1','2023-02-06','18:00:00','21:00:00',NULL,3,35),(19,'12','1','2023-02-06','18:00:00','21:00:00',NULL,2,34),(20,'1','1','2023-02-06','21:00:00','23:00:00',NULL,0,32),(21,'10','1','2023-02-06','21:00:00','23:00:00',NULL,0,32),(22,'11','1','2023-02-06','21:00:00','23:00:00',NULL,1,33),(23,'13','1','2023-02-06','21:00:00','23:00:00',NULL,3,35),(24,'2','1','2023-02-07','08:00:00','11:00:00',NULL,5,35),(25,'1','1','2023-02-07','08:00:00','11:00:00',NULL,5,29),(26,'9','1','2023-02-07','10:00:00','13:00:00',NULL,5,37),(27,'10','1','2023-02-07','10:30:00','13:30:00',NULL,5,29),(28,'11','1','2023-02-07','11:00:00','13:00:00',NULL,6,31),(29,'12','1','2023-02-07','11:00:00','13:00:00',NULL,6,32),(30,'1','1','2023-02-07','11:30:00','14:30:00',NULL,2,26),(31,'13','1','2023-02-07','12:30:00','15:30:00',NULL,5,32),(32,'7','1','2023-02-07','13:00:00','15:00:00',NULL,6,38),(33,'14','1','2023-02-07','13:00:00','15:00:00',NULL,6,33),(34,'2','1','2023-02-07','13:00:00','15:00:00',NULL,3,33),(35,'3','1','2023-02-07','13:00:00','15:00:00',NULL,6,36),(36,'4','1','2023-02-07','13:00:00','15:00:00',NULL,6,33),(37,'10','1','2023-02-07','15:00:00','18:00:00',NULL,2,26),(38,'11','1','2023-02-07','15:00:00','18:00:00',NULL,3,28),(39,'12','1','2023-02-07','15:00:00','18:00:00',NULL,3,29),(40,'5','1','2023-02-07','15:00:00','18:00:00',NULL,5,35),(41,'13','1','2023-02-07','18:00:00','21:00:00',NULL,2,29),(42,'14','1','2023-02-07','18:00:00','21:00:00',NULL,3,30),(43,'1','1','2023-02-07','21:00:00','23:00:00',NULL,0,24),(44,'10','1','2023-02-07','21:00:00','23:00:00',NULL,0,24),(45,'11','1','2023-02-07','21:00:00','23:00:00',NULL,1,26),(46,'12','1','2023-02-07','21:00:00','23:00:00',NULL,1,27),(47,'2','1','2023-02-08','08:00:00','11:00:00',NULL,5,30),(48,'4','1','2023-02-08','08:00:00','11:00:00',NULL,5,30),(49,'1','1','2023-02-08','10:00:00','13:00:00',NULL,5,21),(50,'10','1','2023-02-08','10:30:00','13:30:00',NULL,5,21),(51,'11','1','2023-02-08','11:00:00','13:00:00',NULL,6,24),(52,'12','1','2023-02-08','11:00:00','13:00:00',NULL,6,25),(53,'13','1','2023-02-08','11:30:00','14:30:00',NULL,5,26),(54,'14','1','2023-02-08','12:30:00','15:30:00',NULL,5,27),(55,'2','1','2023-02-08','13:00:00','15:00:00',NULL,3,28),(56,'3','1','2023-02-08','13:00:00','15:00:00',NULL,6,34),(57,'4','1','2023-02-08','13:00:00','15:00:00',NULL,3,28),(58,'5','1','2023-02-08','13:00:00','15:00:00',NULL,6,33),(59,'6','1','2023-02-08','13:00:00','15:00:00',NULL,6,36),(60,'1','1','2023-02-08','15:00:00','18:00:00',NULL,2,18),(61,'10','1','2023-02-08','15:00:00','18:00:00',NULL,2,18),(62,'11','1','2023-02-08','15:00:00','18:00:00',NULL,3,21),(63,'12','1','2023-02-08','15:00:00','18:00:00',NULL,3,22),(64,'13','1','2023-02-08','18:00:00','21:00:00',NULL,2,23),(65,'14','1','2023-02-08','18:00:00','21:00:00',NULL,2,24),(66,'1','1','2023-02-08','21:00:00','23:00:00',NULL,0,16),(67,'10','1','2023-02-08','21:00:00','23:00:00',NULL,0,16),(68,'11','1','2023-02-08','21:00:00','23:00:00',NULL,1,19),(69,'12','1','2023-02-08','21:00:00','23:00:00',NULL,1,20),(70,'4','1','2023-02-09','08:00:00','11:00:00',NULL,5,25),(71,'8','1','2023-02-09','08:00:00','11:00:00',NULL,5,31),(72,'11','1','2023-02-09','10:00:00','13:00:00',NULL,5,16),(73,'1','1','2023-02-09','10:30:00','13:30:00',NULL,5,13),(74,'10','1','2023-02-09','11:00:00','13:00:00',NULL,6,14),(75,'12','1','2023-02-09','11:00:00','13:00:00',NULL,6,18),(76,'13','1','2023-02-09','11:30:00','14:30:00',NULL,5,20),(77,'14','1','2023-02-09','12:30:00','15:30:00',NULL,5,21),(78,'7','1','2023-02-09','13:00:00','15:00:00',NULL,6,36),(79,'2','1','2023-02-09','13:00:00','15:00:00',NULL,6,26),(80,'3','1','2023-02-09','13:00:00','15:00:00',NULL,6,32),(81,'4','1','2023-02-09','13:00:00','15:00:00',NULL,3,23),(82,'5','1','2023-02-09','13:00:00','15:00:00',NULL,6,31),(83,'8','1','2023-02-09','15:00:00','18:00:00',NULL,2,28),(84,'1','1','2023-02-09','15:00:00','18:00:00',NULL,2,10),(85,'10','1','2023-02-09','15:00:00','18:00:00',NULL,3,11),(86,'11','1','2023-02-09','15:00:00','18:00:00',NULL,2,13),(87,'12','1','2023-02-09','18:00:00','21:00:00',NULL,3,15),(88,'13','1','2023-02-09','18:00:00','21:00:00',NULL,2,17),(89,'1','1','2023-02-09','21:00:00','23:00:00',NULL,0,8),(90,'10','1','2023-02-09','21:00:00','23:00:00',NULL,1,9),(91,'11','1','2023-02-09','21:00:00','23:00:00',NULL,0,11),(92,'14','1','2023-02-09','21:00:00','23:00:00',NULL,3,19),(93,'2','1','2023-02-10','08:00:00','11:00:00',NULL,5,23),(94,'1','1','2023-02-10','08:00:00','11:00:00',NULL,5,5),(95,'10','1','2023-02-10','10:00:00','13:00:00',NULL,5,6),(96,'11','1','2023-02-10','10:30:00','13:30:00',NULL,5,8),(97,'14','1','2023-02-10','11:00:00','13:00:00',NULL,6,17),(98,'12','1','2023-02-10','11:00:00','13:00:00',NULL,6,13),(99,'1','1','2023-02-10','11:30:00','14:30:00',NULL,2,2),(100,'13','1','2023-02-10','12:30:00','15:30:00',NULL,5,14),(101,'2','1','2023-02-10','13:00:00','15:00:00',NULL,3,21),(102,'3','1','2023-02-10','13:00:00','15:00:00',NULL,6,30),(103,'4','1','2023-02-10','13:00:00','15:00:00',NULL,6,21),(104,'5','1','2023-02-10','13:00:00','15:00:00',NULL,6,29),(105,'6','1','2023-02-10','13:00:00','15:00:00',NULL,6,34),(106,'10','1','2023-02-10','15:00:00','18:00:00',NULL,2,3),(107,'11','1','2023-02-10','15:00:00','18:00:00',NULL,2,5),(108,'12','1','2023-02-10','15:00:00','18:00:00',NULL,3,10),(109,'14','1','2023-02-10','15:00:00','18:00:00',NULL,3,14),(110,'13','1','2023-02-10','18:00:00','21:00:00',NULL,2,11),(111,'2','1','2023-02-10','18:00:00','21:00:00',NULL,0,18),(112,'1','1','2023-02-10','21:00:00','23:00:00',NULL,0,0),(113,'10','1','2023-02-10','21:00:00','23:00:00',NULL,0,1),(114,'11','1','2023-02-10','21:00:00','23:00:00',NULL,0,3),(115,'12','1','2023-02-10','21:00:00','23:00:00',NULL,1,8),(116,'12','1','2023-02-11','09:00:00','12:00:00',NULL,5,5),(117,'13','1','2023-02-11','09:00:00','12:00:00',NULL,5,8),(118,'11','1','2023-02-11','10:00:00','13:00:00',NULL,5,0),(119,'14','1','2023-02-11','10:30:00','13:30:00',NULL,5,11),(120,'2','1','2023-02-11','11:30:00','14:30:00',NULL,5,15),(121,'3','1','2023-02-11','12:00:00','14:00:00',NULL,6,28),(122,'4','1','2023-02-11','12:00:00','14:00:00',NULL,6,19),(123,'12','1','2023-02-11','12:30:00','15:30:00',NULL,2,2),(124,'7','1','2023-02-11','13:00:00','16:00:00',NULL,5,33),(125,'13','1','2023-02-11','13:00:00','16:00:00',NULL,2,5),(126,'5','1','2023-02-11','13:00:00','16:00:00',NULL,5,26),(127,'14','1','2023-02-11','14:30:00','17:30:00',NULL,2,8),(128,'2','1','2023-02-11','16:00:00','19:00:00',NULL,2,12),(129,'3','1','2023-02-11','16:00:00','19:00:00',NULL,3,25),(130,'4','1','2023-02-11','16:00:00','19:00:00',NULL,3,16),(131,'5','1','2023-02-11','19:00:00','22:00:00',NULL,2,23),(132,'12','1','2023-02-11','22:00:00','24:00:00',NULL,0,0),(133,'13','1','2023-02-11','22:00:00','24:00:00',NULL,0,3),(134,'14','1','2023-02-11','22:00:00','24:00:00',NULL,0,6),(135,'2','1','2023-02-11','22:00:00','24:00:00',NULL,0,10),(136,'13','1','2023-02-12','09:00:00','12:00:00',NULL,5,0),(137,'3','1','2023-02-12','09:00:00','12:00:00',NULL,5,22),(138,'5','1','2023-02-12','10:00:00','13:00:00',NULL,5,20),(139,'14','1','2023-02-12','10:30:00','13:30:00',NULL,5,3),(140,'2','1','2023-02-12','11:30:00','14:30:00',NULL,5,7),(141,'4','1','2023-02-12','12:00:00','14:00:00',NULL,6,14),(142,'6','1','2023-02-12','12:00:00','14:00:00',NULL,6,32),(143,'3','1','2023-02-12','12:30:00','15:30:00',NULL,2,19),(144,'7','1','2023-02-12','13:00:00','16:00:00',NULL,5,30),(145,'8','1','2023-02-12','13:00:00','16:00:00',NULL,5,25),(146,'9','1','2023-02-12','13:00:00','16:00:00',NULL,5,34),(147,'14','1','2023-02-12','14:30:00','17:30:00',NULL,2,0),(148,'5','1','2023-02-12','16:00:00','19:00:00',NULL,2,17),(149,'2','1','2023-02-12','16:00:00','19:00:00',NULL,2,4),(150,'4','1','2023-02-12','16:00:00','19:00:00',NULL,3,11),(151,'6','1','2023-02-12','19:00:00','22:00:00',NULL,3,29),(152,'2','1','2023-02-12','22:00:00','24:00:00',NULL,0,2),(153,'3','1','2023-02-12','22:00:00','24:00:00',NULL,0,17),(154,'4','1','2023-02-12','22:00:00','24:00:00',NULL,1,9),(155,'5','1','2023-02-12','22:00:00','24:00:00',NULL,0,15),(156,'4','1','2023-02-13','08:00:00','11:00:00',NULL,5,37),(157,'8','1','2023-02-13','08:00:00','11:00:00',NULL,5,37),(158,'1','1','2023-02-13','10:00:00','13:00:00',NULL,5,37),(159,'10','1','2023-02-13','10:30:00','13:30:00',NULL,5,37),(160,'14','1','2023-02-13','11:00:00','13:00:00',NULL,6,38),(161,'11','1','2023-02-13','11:00:00','13:00:00',NULL,6,38),(162,'12','1','2023-02-13','11:30:00','14:30:00',NULL,5,37),(163,'13','1','2023-02-13','12:30:00','15:30:00',NULL,5,37),(164,'2','1','2023-02-13','13:00:00','15:00:00',NULL,6,38),(165,'3','1','2023-02-13','13:00:00','15:00:00',NULL,6,38),(166,'4','1','2023-02-13','13:00:00','15:00:00',NULL,3,35),(167,'5','1','2023-02-13','13:00:00','15:00:00',NULL,6,38),(168,'6','1','2023-02-13','13:00:00','15:00:00',NULL,6,38),(169,'1','1','2023-02-13','15:00:00','18:00:00',NULL,2,34),(170,'8','1','2023-02-13','15:00:00','18:00:00',NULL,2,34),(171,'10','1','2023-02-13','15:00:00','18:00:00',NULL,2,34),(172,'11','1','2023-02-13','15:00:00','18:00:00',NULL,3,35),(173,'14','1','2023-02-13','18:00:00','21:00:00',NULL,3,35),(174,'12','1','2023-02-13','18:00:00','21:00:00',NULL,2,34),(175,'1','1','2023-02-13','21:00:00','23:00:00',NULL,0,32),(176,'10','1','2023-02-13','21:00:00','23:00:00',NULL,0,32),(177,'11','1','2023-02-13','21:00:00','23:00:00',NULL,1,33),(178,'13','1','2023-02-13','21:00:00','23:00:00',NULL,3,35),(179,'2','1','2023-02-14','08:00:00','11:00:00',NULL,5,35),(180,'1','1','2023-02-14','08:00:00','11:00:00',NULL,5,29),(181,'9','1','2023-02-14','10:00:00','13:00:00',NULL,5,37),(182,'10','1','2023-02-14','10:30:00','13:30:00',NULL,5,29),(183,'11','1','2023-02-14','11:00:00','13:00:00',NULL,6,31),(184,'12','1','2023-02-14','11:00:00','13:00:00',NULL,6,32),(185,'1','1','2023-02-14','11:30:00','14:30:00',NULL,2,26),(186,'13','1','2023-02-14','12:30:00','15:30:00',NULL,5,32),(187,'7','1','2023-02-14','13:00:00','15:00:00',NULL,6,38),(188,'14','1','2023-02-14','13:00:00','15:00:00',NULL,6,33),(189,'2','1','2023-02-14','13:00:00','15:00:00',NULL,3,33),(190,'3','1','2023-02-14','13:00:00','15:00:00',NULL,6,36),(191,'4','1','2023-02-14','13:00:00','15:00:00',NULL,6,33),(192,'10','1','2023-02-14','15:00:00','18:00:00',NULL,2,26),(193,'11','1','2023-02-14','15:00:00','18:00:00',NULL,3,28),(194,'12','1','2023-02-14','15:00:00','18:00:00',NULL,3,29),(195,'5','1','2023-02-14','15:00:00','18:00:00',NULL,5,35),(196,'13','1','2023-02-14','18:00:00','21:00:00',NULL,2,29),(197,'14','1','2023-02-14','18:00:00','21:00:00',NULL,3,30),(198,'1','1','2023-02-14','21:00:00','23:00:00',NULL,0,24),(199,'10','1','2023-02-14','21:00:00','23:00:00',NULL,0,24),(200,'11','1','2023-02-14','21:00:00','23:00:00',NULL,1,26),(201,'12','1','2023-02-14','21:00:00','23:00:00',NULL,1,27),(202,'2','1','2023-02-15','08:00:00','11:00:00',NULL,5,30),(203,'4','1','2023-02-15','08:00:00','11:00:00',NULL,5,30),(204,'1','1','2023-02-15','10:00:00','13:00:00',NULL,5,21),(205,'10','1','2023-02-15','10:30:00','13:30:00',NULL,5,21),(206,'11','1','2023-02-15','11:00:00','13:00:00',NULL,6,24),(207,'12','1','2023-02-15','11:00:00','13:00:00',NULL,6,25),(208,'13','1','2023-02-15','11:30:00','14:30:00',NULL,5,26),(209,'14','1','2023-02-15','12:30:00','15:30:00',NULL,5,27),(210,'2','1','2023-02-15','13:00:00','15:00:00',NULL,3,28),(211,'3','1','2023-02-15','13:00:00','15:00:00',NULL,6,34),(212,'4','1','2023-02-15','13:00:00','15:00:00',NULL,3,28),(213,'5','1','2023-02-15','13:00:00','15:00:00',NULL,6,33),(214,'6','1','2023-02-15','13:00:00','15:00:00',NULL,6,36),(215,'1','1','2023-02-15','15:00:00','18:00:00',NULL,2,18),(216,'10','1','2023-02-15','15:00:00','18:00:00',NULL,2,18),(217,'11','1','2023-02-15','15:00:00','18:00:00',NULL,3,21),(218,'12','1','2023-02-15','15:00:00','18:00:00',NULL,3,22),(219,'13','1','2023-02-15','18:00:00','21:00:00',NULL,2,23),(220,'14','1','2023-02-15','18:00:00','21:00:00',NULL,2,24),(221,'1','1','2023-02-15','21:00:00','23:00:00',NULL,0,16),(222,'10','1','2023-02-15','21:00:00','23:00:00',NULL,0,16),(223,'11','1','2023-02-15','21:00:00','23:00:00',NULL,1,19),(224,'12','1','2023-02-15','21:00:00','23:00:00',NULL,1,20),(225,'4','1','2023-02-16','08:00:00','11:00:00',NULL,5,25),(226,'8','1','2023-02-16','08:00:00','11:00:00',NULL,5,31),(227,'11','1','2023-02-16','10:00:00','13:00:00',NULL,5,16),(228,'1','1','2023-02-16','10:30:00','13:30:00',NULL,5,13),(229,'10','1','2023-02-16','11:00:00','13:00:00',NULL,6,14),(230,'12','1','2023-02-16','11:00:00','13:00:00',NULL,6,18),(231,'13','1','2023-02-16','11:30:00','14:30:00',NULL,5,20),(232,'14','1','2023-02-16','12:30:00','15:30:00',NULL,5,21),(233,'7','1','2023-02-16','13:00:00','15:00:00',NULL,6,36),(234,'2','1','2023-02-16','13:00:00','15:00:00',NULL,6,26),(235,'3','1','2023-02-16','13:00:00','15:00:00',NULL,6,32),(236,'4','1','2023-02-16','13:00:00','15:00:00',NULL,3,23),(237,'5','1','2023-02-16','13:00:00','15:00:00',NULL,6,31),(238,'8','1','2023-02-16','15:00:00','18:00:00',NULL,2,28),(239,'1','1','2023-02-16','15:00:00','18:00:00',NULL,2,10),(240,'10','1','2023-02-16','15:00:00','18:00:00',NULL,3,11),(241,'11','1','2023-02-16','15:00:00','18:00:00',NULL,2,13),(242,'12','1','2023-02-16','18:00:00','21:00:00',NULL,3,15),(243,'13','1','2023-02-16','18:00:00','21:00:00',NULL,2,17),(244,'1','1','2023-02-16','21:00:00','23:00:00',NULL,0,8),(245,'10','1','2023-02-16','21:00:00','23:00:00',NULL,1,9),(246,'11','1','2023-02-16','21:00:00','23:00:00',NULL,0,11),(247,'14','1','2023-02-16','21:00:00','23:00:00',NULL,3,19),(248,'2','1','2023-02-17','08:00:00','11:00:00',NULL,5,23),(249,'1','1','2023-02-17','08:00:00','11:00:00',NULL,5,5),(250,'10','1','2023-02-17','10:00:00','13:00:00',NULL,5,6),(251,'11','1','2023-02-17','10:30:00','13:30:00',NULL,5,8),(252,'14','1','2023-02-17','11:00:00','13:00:00',NULL,6,17),(253,'12','1','2023-02-17','11:00:00','13:00:00',NULL,6,13),(254,'1','1','2023-02-17','11:30:00','14:30:00',NULL,2,2),(255,'13','1','2023-02-17','12:30:00','15:30:00',NULL,5,14),(256,'2','1','2023-02-17','13:00:00','15:00:00',NULL,3,21),(257,'3','1','2023-02-17','13:00:00','15:00:00',NULL,6,30),(258,'4','1','2023-02-17','13:00:00','15:00:00',NULL,6,21),(259,'5','1','2023-02-17','13:00:00','15:00:00',NULL,6,29),(260,'6','1','2023-02-17','13:00:00','15:00:00',NULL,6,34),(261,'10','1','2023-02-17','15:00:00','18:00:00',NULL,2,3),(262,'11','1','2023-02-17','15:00:00','18:00:00',NULL,2,5),(263,'12','1','2023-02-17','15:00:00','18:00:00',NULL,3,10),(264,'14','1','2023-02-17','15:00:00','18:00:00',NULL,3,14),(265,'13','1','2023-02-17','18:00:00','21:00:00',NULL,2,11),(266,'2','1','2023-02-17','18:00:00','21:00:00',NULL,0,18),(267,'1','1','2023-02-17','21:00:00','23:00:00',NULL,0,0),(268,'10','1','2023-02-17','21:00:00','23:00:00',NULL,0,1),(269,'11','1','2023-02-17','21:00:00','23:00:00',NULL,0,3),(270,'12','1','2023-02-17','21:00:00','23:00:00',NULL,1,8),(271,'12','1','2023-02-18','09:00:00','12:00:00',NULL,5,5),(272,'13','1','2023-02-18','09:00:00','12:00:00',NULL,5,8),(273,'11','1','2023-02-18','10:00:00','13:00:00',NULL,5,0),(274,'14','1','2023-02-18','10:30:00','13:30:00',NULL,5,11),(275,'2','1','2023-02-18','11:30:00','14:30:00',NULL,5,15),(276,'3','1','2023-02-18','12:00:00','14:00:00',NULL,6,28),(277,'4','1','2023-02-18','12:00:00','14:00:00',NULL,6,19),(278,'12','1','2023-02-18','12:30:00','15:30:00',NULL,2,2),(279,'7','1','2023-02-18','13:00:00','16:00:00',NULL,5,33),(280,'13','1','2023-02-18','13:00:00','16:00:00',NULL,2,5),(281,'5','1','2023-02-18','13:00:00','16:00:00',NULL,5,26),(282,'14','1','2023-02-18','14:30:00','17:30:00',NULL,2,8),(283,'2','1','2023-02-18','16:00:00','19:00:00',NULL,2,12),(284,'3','1','2023-02-18','16:00:00','19:00:00',NULL,3,25),(285,'4','1','2023-02-18','16:00:00','19:00:00',NULL,3,16),(286,'5','1','2023-02-18','19:00:00','22:00:00',NULL,2,23),(287,'12','1','2023-02-18','22:00:00','24:00:00',NULL,0,0),(288,'13','1','2023-02-18','22:00:00','24:00:00',NULL,0,3),(289,'14','1','2023-02-18','22:00:00','24:00:00',NULL,0,6),(290,'2','1','2023-02-18','22:00:00','24:00:00',NULL,0,10),(291,'13','1','2023-02-19','09:00:00','12:00:00',NULL,5,0),(292,'3','1','2023-02-19','09:00:00','12:00:00',NULL,5,22),(293,'5','1','2023-02-19','10:00:00','13:00:00',NULL,5,20),(294,'14','1','2023-02-19','10:30:00','13:30:00',NULL,5,3),(295,'2','1','2023-02-19','11:30:00','14:30:00',NULL,5,7),(296,'4','1','2023-02-19','12:00:00','14:00:00',NULL,6,14),(297,'6','1','2023-02-19','12:00:00','14:00:00',NULL,6,32),(298,'3','1','2023-02-19','12:30:00','15:30:00',NULL,2,19),(299,'7','1','2023-02-19','13:00:00','16:00:00',NULL,5,30),(300,'8','1','2023-02-19','13:00:00','16:00:00',NULL,5,25),(301,'9','1','2023-02-19','13:00:00','16:00:00',NULL,5,34),(302,'14','1','2023-02-19','14:30:00','17:30:00',NULL,2,0),(303,'5','1','2023-02-19','16:00:00','19:00:00',NULL,2,17),(304,'2','1','2023-02-19','16:00:00','19:00:00',NULL,2,4),(305,'4','1','2023-02-19','16:00:00','19:00:00',NULL,3,11),(306,'6','1','2023-02-19','19:00:00','22:00:00',NULL,3,29),(307,'2','1','2023-02-19','22:00:00','24:00:00',NULL,0,2),(308,'3','1','2023-02-19','22:00:00','24:00:00',NULL,0,17),(309,'4','1','2023-02-19','22:00:00','24:00:00',NULL,1,9),(310,'5','1','2023-02-19','22:00:00','24:00:00',NULL,0,15),(311,'4','1','2023-02-20','08:00:00','11:00:00',NULL,5,37),(312,'8','1','2023-02-20','08:00:00','11:00:00',NULL,5,37),(313,'1','1','2023-02-20','10:00:00','13:00:00',NULL,5,37),(314,'10','1','2023-02-20','10:30:00','13:30:00',NULL,5,37),(315,'14','1','2023-02-20','11:00:00','13:00:00',NULL,6,38),(316,'11','1','2023-02-20','11:00:00','13:00:00',NULL,6,38),(317,'12','1','2023-02-20','11:30:00','14:30:00',NULL,5,37),(318,'13','1','2023-02-20','12:30:00','15:30:00',NULL,5,37),(319,'2','1','2023-02-20','13:00:00','15:00:00',NULL,6,38),(320,'3','1','2023-02-20','13:00:00','15:00:00',NULL,6,38),(321,'4','1','2023-02-20','13:00:00','15:00:00',NULL,3,35),(322,'5','1','2023-02-20','13:00:00','15:00:00',NULL,6,38),(323,'6','1','2023-02-20','13:00:00','15:00:00',NULL,6,38),(324,'1','1','2023-02-20','15:00:00','18:00:00',NULL,2,34),(325,'8','1','2023-02-20','15:00:00','18:00:00',NULL,2,34),(326,'10','1','2023-02-20','15:00:00','18:00:00',NULL,2,34),(327,'11','1','2023-02-20','15:00:00','18:00:00',NULL,3,35),(328,'14','1','2023-02-20','18:00:00','21:00:00',NULL,3,35),(329,'12','1','2023-02-20','18:00:00','21:00:00',NULL,2,34),(330,'1','1','2023-02-20','21:00:00','23:00:00',NULL,0,32),(331,'10','1','2023-02-20','21:00:00','23:00:00',NULL,0,32),(332,'11','1','2023-02-20','21:00:00','23:00:00',NULL,1,33),(333,'13','1','2023-02-20','21:00:00','23:00:00',NULL,3,35),(334,'2','1','2023-02-21','08:00:00','11:00:00',NULL,5,35),(335,'1','1','2023-02-21','08:00:00','11:00:00',NULL,5,29),(336,'9','1','2023-02-21','10:00:00','13:00:00',NULL,5,37),(337,'10','1','2023-02-21','10:30:00','13:30:00',NULL,5,29),(338,'11','1','2023-02-21','11:00:00','13:00:00',NULL,6,31),(339,'12','1','2023-02-21','11:00:00','13:00:00',NULL,6,32),(340,'1','1','2023-02-21','11:30:00','14:30:00',NULL,2,26),(341,'13','1','2023-02-21','12:30:00','15:30:00',NULL,5,32),(342,'7','1','2023-02-21','13:00:00','15:00:00',NULL,6,38),(343,'14','1','2023-02-21','13:00:00','15:00:00',NULL,6,33),(344,'2','1','2023-02-21','13:00:00','15:00:00',NULL,3,33),(345,'3','1','2023-02-21','13:00:00','15:00:00',NULL,6,36),(346,'4','1','2023-02-21','13:00:00','15:00:00',NULL,6,33),(347,'10','1','2023-02-21','15:00:00','18:00:00',NULL,2,26),(348,'11','1','2023-02-21','15:00:00','18:00:00',NULL,3,28),(349,'12','1','2023-02-21','15:00:00','18:00:00',NULL,3,29),(350,'5','1','2023-02-21','15:00:00','18:00:00',NULL,5,35),(351,'13','1','2023-02-21','18:00:00','21:00:00',NULL,2,29),(352,'14','1','2023-02-21','18:00:00','21:00:00',NULL,3,30),(353,'1','1','2023-02-21','21:00:00','23:00:00',NULL,0,24),(354,'10','1','2023-02-21','21:00:00','23:00:00',NULL,0,24),(355,'11','1','2023-02-21','21:00:00','23:00:00',NULL,1,26),(356,'12','1','2023-02-21','21:00:00','23:00:00',NULL,1,27),(357,'2','1','2023-02-22','08:00:00','11:00:00',NULL,5,30),(358,'4','1','2023-02-22','08:00:00','11:00:00',NULL,5,30),(359,'1','1','2023-02-22','10:00:00','13:00:00',NULL,5,21),(360,'10','1','2023-02-22','10:30:00','13:30:00',NULL,5,21),(361,'11','1','2023-02-22','11:00:00','13:00:00',NULL,6,24),(362,'12','1','2023-02-22','11:00:00','13:00:00',NULL,6,25),(363,'13','1','2023-02-22','11:30:00','14:30:00',NULL,5,26),(364,'14','1','2023-02-22','12:30:00','15:30:00',NULL,5,27),(365,'2','1','2023-02-22','13:00:00','15:00:00',NULL,3,28),(366,'3','1','2023-02-22','13:00:00','15:00:00',NULL,6,34),(367,'4','1','2023-02-22','13:00:00','15:00:00',NULL,3,28),(368,'5','1','2023-02-22','13:00:00','15:00:00',NULL,6,33),(369,'6','1','2023-02-22','13:00:00','15:00:00',NULL,6,36),(370,'1','1','2023-02-22','15:00:00','18:00:00',NULL,2,18),(371,'10','1','2023-02-22','15:00:00','18:00:00',NULL,2,18),(372,'11','1','2023-02-22','15:00:00','18:00:00',NULL,3,21),(373,'12','1','2023-02-22','15:00:00','18:00:00',NULL,3,22),(374,'13','1','2023-02-22','18:00:00','21:00:00',NULL,2,23),(375,'14','1','2023-02-22','18:00:00','21:00:00',NULL,2,24),(376,'1','1','2023-02-22','21:00:00','23:00:00',NULL,0,16),(377,'10','1','2023-02-22','21:00:00','23:00:00',NULL,0,16),(378,'11','1','2023-02-22','21:00:00','23:00:00',NULL,1,19),(379,'12','1','2023-02-22','21:00:00','23:00:00',NULL,1,20),(380,'4','1','2023-02-23','08:00:00','11:00:00',NULL,5,25),(381,'8','1','2023-02-23','08:00:00','11:00:00',NULL,5,31),(382,'11','1','2023-02-23','10:00:00','13:00:00',NULL,5,16),(383,'1','1','2023-02-23','10:30:00','13:30:00',NULL,5,13),(384,'10','1','2023-02-23','11:00:00','13:00:00',NULL,6,14),(385,'12','1','2023-02-23','11:00:00','13:00:00',NULL,6,18),(386,'13','1','2023-02-23','11:30:00','14:30:00',NULL,5,20),(387,'14','1','2023-02-23','12:30:00','15:30:00',NULL,5,21),(388,'7','1','2023-02-23','13:00:00','15:00:00',NULL,6,36),(389,'2','1','2023-02-23','13:00:00','15:00:00',NULL,6,26),(390,'3','1','2023-02-23','13:00:00','15:00:00',NULL,6,32),(391,'4','1','2023-02-23','13:00:00','15:00:00',NULL,3,23),(392,'5','1','2023-02-23','13:00:00','15:00:00',NULL,6,31),(393,'8','1','2023-02-23','15:00:00','18:00:00',NULL,2,28),(394,'1','1','2023-02-23','15:00:00','18:00:00',NULL,2,10),(395,'10','1','2023-02-23','15:00:00','18:00:00',NULL,3,11),(396,'11','1','2023-02-23','15:00:00','18:00:00',NULL,2,13),(397,'12','1','2023-02-23','18:00:00','21:00:00',NULL,3,15),(398,'13','1','2023-02-23','18:00:00','21:00:00',NULL,2,17),(399,'1','1','2023-02-23','21:00:00','23:00:00',NULL,0,8),(400,'10','1','2023-02-23','21:00:00','23:00:00',NULL,1,9),(401,'11','1','2023-02-23','21:00:00','23:00:00',NULL,0,11),(402,'14','1','2023-02-23','21:00:00','23:00:00',NULL,3,19),(403,'2','1','2023-02-24','08:00:00','11:00:00',NULL,5,23),(404,'1','1','2023-02-24','08:00:00','11:00:00',NULL,5,5),(405,'10','1','2023-02-24','10:00:00','13:00:00',NULL,5,6),(406,'11','1','2023-02-24','10:30:00','13:30:00',NULL,5,8),(407,'14','1','2023-02-24','11:00:00','13:00:00',NULL,6,17),(408,'12','1','2023-02-24','11:00:00','13:00:00',NULL,6,13),(409,'1','1','2023-02-24','11:30:00','14:30:00',NULL,2,2),(410,'13','1','2023-02-24','12:30:00','15:30:00',NULL,5,14),(411,'2','1','2023-02-24','13:00:00','15:00:00',NULL,3,21),(412,'3','1','2023-02-24','13:00:00','15:00:00',NULL,6,30),(413,'4','1','2023-02-24','13:00:00','15:00:00',NULL,6,21),(414,'5','1','2023-02-24','13:00:00','15:00:00',NULL,6,29),(415,'6','1','2023-02-24','13:00:00','15:00:00',NULL,6,34),(416,'10','1','2023-02-24','15:00:00','18:00:00',NULL,2,3),(417,'11','1','2023-02-24','15:00:00','18:00:00',NULL,2,5),(418,'12','1','2023-02-24','15:00:00','18:00:00',NULL,3,10),(419,'14','1','2023-02-24','15:00:00','18:00:00',NULL,3,14),(420,'13','1','2023-02-24','18:00:00','21:00:00',NULL,2,11),(421,'2','1','2023-02-24','18:00:00','21:00:00',NULL,0,18),(422,'1','1','2023-02-24','21:00:00','23:00:00',NULL,0,0),(423,'10','1','2023-02-24','21:00:00','23:00:00',NULL,0,1),(424,'11','1','2023-02-24','21:00:00','23:00:00',NULL,0,3),(425,'12','1','2023-02-24','21:00:00','23:00:00',NULL,1,8),(426,'12','1','2023-02-25','09:00:00','12:00:00',NULL,5,5),(427,'13','1','2023-02-25','09:00:00','12:00:00',NULL,5,8),(428,'11','1','2023-02-25','10:00:00','13:00:00',NULL,5,0),(429,'14','1','2023-02-25','10:30:00','13:30:00',NULL,5,11),(430,'2','1','2023-02-25','11:30:00','14:30:00',NULL,5,15),(431,'3','1','2023-02-25','12:00:00','14:00:00',NULL,6,28),(432,'4','1','2023-02-25','12:00:00','14:00:00',NULL,6,19),(433,'12','1','2023-02-25','12:30:00','15:30:00',NULL,2,2),(434,'7','1','2023-02-25','13:00:00','16:00:00',NULL,5,33),(435,'13','1','2023-02-25','13:00:00','16:00:00',NULL,2,5),(436,'5','1','2023-02-25','13:00:00','16:00:00',NULL,5,26),(437,'14','1','2023-02-25','14:30:00','17:30:00',NULL,2,8),(438,'2','1','2023-02-25','16:00:00','19:00:00',NULL,2,12),(439,'3','1','2023-02-25','16:00:00','19:00:00',NULL,3,25),(440,'4','1','2023-02-25','16:00:00','19:00:00',NULL,3,16),(441,'5','1','2023-02-25','19:00:00','22:00:00',NULL,2,23),(442,'12','1','2023-02-25','22:00:00','24:00:00',NULL,0,0),(443,'13','1','2023-02-25','22:00:00','24:00:00',NULL,0,3),(444,'14','1','2023-02-25','22:00:00','24:00:00',NULL,0,6),(445,'2','1','2023-02-25','22:00:00','24:00:00',NULL,0,10),(446,'13','1','2023-02-26','09:00:00','12:00:00',NULL,5,0),(447,'3','1','2023-02-26','09:00:00','12:00:00',NULL,5,22),(448,'5','1','2023-02-26','10:00:00','13:00:00',NULL,5,20),(449,'14','1','2023-02-26','10:30:00','13:30:00',NULL,5,3),(450,'2','1','2023-02-26','11:30:00','14:30:00',NULL,5,7),(451,'4','1','2023-02-26','12:00:00','14:00:00',NULL,6,14),(452,'6','1','2023-02-26','12:00:00','14:00:00',NULL,6,32),(453,'3','1','2023-02-26','12:30:00','15:30:00',NULL,2,19),(454,'7','1','2023-02-26','13:00:00','16:00:00',NULL,5,30),(455,'8','1','2023-02-26','13:00:00','16:00:00',NULL,5,25),(456,'9','1','2023-02-26','13:00:00','16:00:00',NULL,5,34),(457,'14','1','2023-02-26','14:30:00','17:30:00',NULL,2,0),(458,'5','1','2023-02-26','16:00:00','19:00:00',NULL,2,17),(459,'2','1','2023-02-26','16:00:00','19:00:00',NULL,2,4),(460,'4','1','2023-02-26','16:00:00','19:00:00',NULL,3,11),(461,'6','1','2023-02-26','19:00:00','22:00:00',NULL,3,29),(462,'2','1','2023-02-26','22:00:00','24:00:00',NULL,0,2),(463,'3','1','2023-02-26','22:00:00','24:00:00',NULL,0,17),(464,'4','1','2023-02-26','22:00:00','24:00:00',NULL,1,9),(465,'5','1','2023-02-26','22:00:00','24:00:00',NULL,0,15),(466,'4','1','2023-02-27','08:00:00','11:00:00',NULL,5,37),(467,'8','1','2023-02-27','08:00:00','11:00:00',NULL,5,37),(468,'1','1','2023-02-27','10:00:00','13:00:00',NULL,5,37),(469,'10','1','2023-02-27','10:30:00','13:30:00',NULL,5,37),(470,'14','1','2023-02-27','11:00:00','13:00:00',NULL,6,38),(471,'11','1','2023-02-27','11:00:00','13:00:00',NULL,6,38),(472,'12','1','2023-02-27','11:30:00','14:30:00',NULL,5,37),(473,'13','1','2023-02-27','12:30:00','15:30:00',NULL,5,37),(474,'2','1','2023-02-27','13:00:00','15:00:00',NULL,6,38),(475,'3','1','2023-02-27','13:00:00','15:00:00',NULL,6,38),(476,'4','1','2023-02-27','13:00:00','15:00:00',NULL,3,35),(477,'5','1','2023-02-27','13:00:00','15:00:00',NULL,6,38),(478,'6','1','2023-02-27','13:00:00','15:00:00',NULL,6,38),(479,'1','1','2023-02-27','15:00:00','18:00:00',NULL,2,34),(480,'8','1','2023-02-27','15:00:00','18:00:00',NULL,2,34),(481,'10','1','2023-02-27','15:00:00','18:00:00',NULL,2,34),(482,'11','1','2023-02-27','15:00:00','18:00:00',NULL,3,35),(483,'14','1','2023-02-27','18:00:00','21:00:00',NULL,3,35),(484,'12','1','2023-02-27','18:00:00','21:00:00',NULL,2,34),(485,'1','1','2023-02-27','21:00:00','23:00:00',NULL,0,32),(486,'10','1','2023-02-27','21:00:00','23:00:00',NULL,0,32),(487,'11','1','2023-02-27','21:00:00','23:00:00',NULL,1,33),(488,'13','1','2023-02-27','21:00:00','23:00:00',NULL,3,35),(489,'2','1','2023-02-28','08:00:00','11:00:00',NULL,5,35),(490,'1','1','2023-02-28','08:00:00','11:00:00',NULL,5,29),(491,'9','1','2023-02-28','10:00:00','13:00:00',NULL,5,37),(492,'10','1','2023-02-28','10:30:00','13:30:00',NULL,5,29),(493,'11','1','2023-02-28','11:00:00','13:00:00',NULL,6,31),(494,'12','1','2023-02-28','11:00:00','13:00:00',NULL,6,32),(495,'1','1','2023-02-28','11:30:00','14:30:00',NULL,2,26),(496,'13','1','2023-02-28','12:30:00','15:30:00',NULL,5,32),(497,'7','1','2023-02-28','13:00:00','15:00:00',NULL,6,38),(498,'14','1','2023-02-28','13:00:00','15:00:00',NULL,6,33),(499,'2','1','2023-02-28','13:00:00','15:00:00',NULL,3,33),(500,'3','1','2023-02-28','13:00:00','15:00:00',NULL,6,36),(501,'4','1','2023-02-28','13:00:00','15:00:00',NULL,6,33),(502,'10','1','2023-02-28','15:00:00','18:00:00',NULL,2,26),(503,'11','1','2023-02-28','15:00:00','18:00:00',NULL,3,28),(504,'12','1','2023-02-28','15:00:00','18:00:00',NULL,3,29),(505,'5','1','2023-02-28','15:00:00','18:00:00',NULL,5,35),(506,'13','1','2023-02-28','18:00:00','21:00:00',NULL,2,29),(507,'14','1','2023-02-28','18:00:00','21:00:00',NULL,3,30),(508,'1','1','2023-02-28','21:00:00','23:00:00',NULL,0,24),(509,'10','1','2023-02-28','21:00:00','23:00:00',NULL,0,24),(510,'11','1','2023-02-28','21:00:00','23:00:00',NULL,1,26),(511,'12','1','2023-02-28','21:00:00','23:00:00',NULL,1,27),(512,'2','1','2023-03-01','08:00:00','11:00:00',NULL,5,30),(513,'4','1','2023-03-01','08:00:00','11:00:00',NULL,5,30),(514,'1','1','2023-03-01','10:00:00','13:00:00',NULL,5,21),(515,'10','1','2023-03-01','10:30:00','13:30:00',NULL,5,21),(516,'11','1','2023-03-01','11:00:00','13:00:00',NULL,6,24),(517,'12','1','2023-03-01','11:00:00','13:00:00',NULL,6,25),(518,'13','1','2023-03-01','11:30:00','14:30:00',NULL,5,26),(519,'14','1','2023-03-01','12:30:00','15:30:00',NULL,5,27),(520,'2','1','2023-03-01','13:00:00','15:00:00',NULL,3,28),(521,'3','1','2023-03-01','13:00:00','15:00:00',NULL,6,34),(522,'4','1','2023-03-01','13:00:00','15:00:00',NULL,3,28),(523,'5','1','2023-03-01','13:00:00','15:00:00',NULL,6,33),(524,'6','1','2023-03-01','13:00:00','15:00:00',NULL,6,36),(525,'1','1','2023-03-01','15:00:00','18:00:00',NULL,2,18),(526,'10','1','2023-03-01','15:00:00','18:00:00',NULL,2,18),(527,'11','1','2023-03-01','15:00:00','18:00:00',NULL,3,21),(528,'12','1','2023-03-01','15:00:00','18:00:00',NULL,3,22),(529,'13','1','2023-03-01','18:00:00','21:00:00',NULL,2,23),(530,'14','1','2023-03-01','18:00:00','21:00:00',NULL,2,24),(531,'1','1','2023-03-01','21:00:00','23:00:00',NULL,0,16),(532,'10','1','2023-03-01','21:00:00','23:00:00',NULL,0,16),(533,'11','1','2023-03-01','21:00:00','23:00:00',NULL,1,19),(534,'12','1','2023-03-01','21:00:00','23:00:00',NULL,1,20),(535,'4','1','2023-03-02','08:00:00','11:00:00',NULL,5,25),(536,'8','1','2023-03-02','08:00:00','11:00:00',NULL,5,31),(537,'11','1','2023-03-02','10:00:00','13:00:00',NULL,5,16),(538,'1','1','2023-03-02','10:30:00','13:30:00',NULL,5,13),(539,'10','1','2023-03-02','11:00:00','13:00:00',NULL,6,14),(540,'12','1','2023-03-02','11:00:00','13:00:00',NULL,6,18),(541,'13','1','2023-03-02','11:30:00','14:30:00',NULL,5,20),(542,'14','1','2023-03-02','12:30:00','15:30:00',NULL,5,21),(543,'7','1','2023-03-02','13:00:00','15:00:00',NULL,6,36),(544,'2','1','2023-03-02','13:00:00','15:00:00',NULL,6,26),(545,'3','1','2023-03-02','13:00:00','15:00:00',NULL,6,32),(546,'4','1','2023-03-02','13:00:00','15:00:00',NULL,3,23),(547,'5','1','2023-03-02','13:00:00','15:00:00',NULL,6,31),(548,'8','1','2023-03-02','15:00:00','18:00:00',NULL,2,28),(549,'1','1','2023-03-02','15:00:00','18:00:00',NULL,2,10),(550,'10','1','2023-03-02','15:00:00','18:00:00',NULL,3,11),(551,'11','1','2023-03-02','15:00:00','18:00:00',NULL,2,13),(552,'12','1','2023-03-02','18:00:00','21:00:00',NULL,3,15),(553,'13','1','2023-03-02','18:00:00','21:00:00',NULL,2,17),(554,'1','1','2023-03-02','21:00:00','23:00:00',NULL,0,8),(555,'10','1','2023-03-02','21:00:00','23:00:00',NULL,1,9),(556,'11','1','2023-03-02','21:00:00','23:00:00',NULL,0,11),(557,'14','1','2023-03-02','21:00:00','23:00:00',NULL,3,19),(558,'2','1','2023-03-03','08:00:00','11:00:00',NULL,5,23),(559,'1','1','2023-03-03','08:00:00','11:00:00',NULL,5,5),(560,'10','1','2023-03-03','10:00:00','13:00:00',NULL,5,6),(561,'11','1','2023-03-03','10:30:00','13:30:00',NULL,5,8),(562,'14','1','2023-03-03','11:00:00','13:00:00',NULL,6,17),(563,'12','1','2023-03-03','11:00:00','13:00:00',NULL,6,13),(564,'1','1','2023-03-03','11:30:00','14:30:00',NULL,2,2),(565,'13','1','2023-03-03','12:30:00','15:30:00',NULL,5,14),(566,'2','1','2023-03-03','13:00:00','15:00:00',NULL,3,21),(567,'3','1','2023-03-03','13:00:00','15:00:00',NULL,6,30),(568,'4','1','2023-03-03','13:00:00','15:00:00',NULL,6,21),(569,'5','1','2023-03-03','13:00:00','15:00:00',NULL,6,29),(570,'6','1','2023-03-03','13:00:00','15:00:00',NULL,6,34),(571,'10','1','2023-03-03','15:00:00','18:00:00',NULL,2,3),(572,'11','1','2023-03-03','15:00:00','18:00:00',NULL,2,5),(573,'12','1','2023-03-03','15:00:00','18:00:00',NULL,3,10),(574,'14','1','2023-03-03','15:00:00','18:00:00',NULL,3,14),(575,'13','1','2023-03-03','18:00:00','21:00:00',NULL,2,11),(576,'2','1','2023-03-03','18:00:00','21:00:00',NULL,0,18),(577,'1','1','2023-03-03','21:00:00','23:00:00',NULL,0,0),(578,'10','1','2023-03-03','21:00:00','23:00:00',NULL,0,1),(579,'11','1','2023-03-03','21:00:00','23:00:00',NULL,0,3),(580,'12','1','2023-03-03','21:00:00','23:00:00',NULL,1,8),(581,'12','1','2023-03-04','09:00:00','12:00:00',NULL,5,5),(582,'13','1','2023-03-04','09:00:00','12:00:00',NULL,5,8),(583,'11','1','2023-03-04','10:00:00','13:00:00',NULL,5,0),(584,'14','1','2023-03-04','10:30:00','13:30:00',NULL,5,11),(585,'2','1','2023-03-04','11:30:00','14:30:00',NULL,5,15),(586,'3','1','2023-03-04','12:00:00','14:00:00',NULL,6,28),(587,'4','1','2023-03-04','12:00:00','14:00:00',NULL,6,19),(588,'12','1','2023-03-04','12:30:00','15:30:00',NULL,2,2),(589,'7','1','2023-03-04','13:00:00','16:00:00',NULL,5,33),(590,'13','1','2023-03-04','13:00:00','16:00:00',NULL,2,5),(591,'5','1','2023-03-04','13:00:00','16:00:00',NULL,5,26),(592,'14','1','2023-03-04','14:30:00','17:30:00',NULL,2,8),(593,'2','1','2023-03-04','16:00:00','19:00:00',NULL,2,12),(594,'3','1','2023-03-04','16:00:00','19:00:00',NULL,3,25),(595,'4','1','2023-03-04','16:00:00','19:00:00',NULL,3,16),(596,'5','1','2023-03-04','19:00:00','22:00:00',NULL,2,23),(597,'12','1','2023-03-04','22:00:00','24:00:00',NULL,0,0),(598,'13','1','2023-03-04','22:00:00','24:00:00',NULL,0,3),(599,'14','1','2023-03-04','22:00:00','24:00:00',NULL,0,6),(600,'2','1','2023-03-04','22:00:00','24:00:00',NULL,0,10),(601,'13','1','2023-03-05','09:00:00','12:00:00',NULL,5,0),(602,'3','1','2023-03-05','09:00:00','12:00:00',NULL,5,22),(603,'5','1','2023-03-05','10:00:00','13:00:00',NULL,5,20),(604,'14','1','2023-03-05','10:30:00','13:30:00',NULL,5,3),(605,'2','1','2023-03-05','11:30:00','14:30:00',NULL,5,7),(606,'4','1','2023-03-05','12:00:00','14:00:00',NULL,6,14),(607,'6','1','2023-03-05','12:00:00','14:00:00',NULL,6,32),(608,'3','1','2023-03-05','12:30:00','15:30:00',NULL,2,19),(609,'7','1','2023-03-05','13:00:00','16:00:00',NULL,5,30),(610,'8','1','2023-03-05','13:00:00','16:00:00',NULL,5,25),(611,'9','1','2023-03-05','13:00:00','16:00:00',NULL,5,34),(612,'14','1','2023-03-05','14:30:00','17:30:00',NULL,2,0),(613,'5','1','2023-03-05','16:00:00','19:00:00',NULL,2,17),(614,'2','1','2023-03-05','16:00:00','19:00:00',NULL,2,4),(615,'4','1','2023-03-05','16:00:00','19:00:00',NULL,3,11),(616,'6','1','2023-03-05','19:00:00','22:00:00',NULL,3,29),(617,'2','1','2023-03-05','22:00:00','24:00:00',NULL,0,2),(618,'3','1','2023-03-05','22:00:00','24:00:00',NULL,0,17),(619,'4','1','2023-03-05','22:00:00','24:00:00',NULL,1,9),(620,'5','1','2023-03-05','22:00:00','24:00:00',NULL,0,15);
/*!40000 ALTER TABLE `scheduling` ENABLE KEYS */;
UNLOCK TABLES;

--
-- Table structure for table `scheduling_rules`
--

DROP TABLE IF EXISTS `scheduling_rules`;
/*!40101 SET @saved_cs_client     = @@character_set_client */;
/*!50503 SET character_set_client = utf8mb4 */;
CREATE TABLE `scheduling_rules` (
  `storesId` varchar(10) NOT NULL,
  `maxDayTime` int DEFAULT NULL,
  `maxWeekTime` int DEFAULT NULL,
  `employeeNeed` float DEFAULT NULL,
  `beforeTime` int DEFAULT NULL,
  `beforeEmployeeArea` int DEFAULT NULL,
  `afterTime` int DEFAULT NULL,
  `afterEmployeeArea` int DEFAULT NULL,
  `afterEmployeeMore` int DEFAULT NULL,
  PRIMARY KEY (`storesId`)
) ENGINE=InnoDB DEFAULT CHARSET=utf8mb4 COLLATE=utf8mb4_0900_ai_ci;
/*!40101 SET character_set_client = @saved_cs_client */;

--
-- Dumping data for table `scheduling_rules`
--

LOCK TABLES `scheduling_rules` WRITE;
/*!40000 ALTER TABLE `scheduling_rules` DISABLE KEYS */;
INSERT INTO `scheduling_rules` VALUES ('1',8,40,3.8,1,100,2,80,1);
/*!40000 ALTER TABLE `scheduling_rules` ENABLE KEYS */;
UNLOCK TABLES;

--
-- Table structure for table `stores`
--

DROP TABLE IF EXISTS `stores`;
/*!40101 SET @saved_cs_client     = @@character_set_client */;
/*!50503 SET character_set_client = utf8mb4 */;
CREATE TABLE `stores` (
  `storesId` varchar(10) NOT NULL,
  `storesName` varchar(15) DEFAULT NULL,
  `storesAddress` varchar(45) DEFAULT NULL,
  `storesSize` float DEFAULT NULL,
  PRIMARY KEY (`storesId`)
) ENGINE=InnoDB DEFAULT CHARSET=utf8mb4 COLLATE=utf8mb4_0900_ai_ci;
/*!40101 SET character_set_client = @saved_cs_client */;

--
-- Dumping data for table `stores`
--

LOCK TABLES `stores` WRITE;
/*!40000 ALTER TABLE `stores` DISABLE KEYS */;
INSERT INTO `stores` VALUES ('1','九眼桥店','九眼桥路166号',175);
/*!40000 ALTER TABLE `stores` ENABLE KEYS */;
UNLOCK TABLES;

--
-- Table structure for table `storestraffic`
--

DROP TABLE IF EXISTS `storestraffic`;
/*!40101 SET @saved_cs_client     = @@character_set_client */;
/*!50503 SET character_set_client = utf8mb4 */;
CREATE TABLE `storestraffic` (
  `storescol` int NOT NULL,
  `storesId` varchar(10) NOT NULL,
  `date` date DEFAULT NULL,
  `startTime` time DEFAULT NULL,
  `endTime` time DEFAULT NULL,
  `customer_traffic` float DEFAULT NULL,
  `employeeCount` int DEFAULT '0',
  PRIMARY KEY (`storescol`)
) ENGINE=InnoDB DEFAULT CHARSET=utf8mb4 COLLATE=utf8mb4_0900_ai_ci;
/*!40101 SET character_set_client = @saved_cs_client */;

--
-- Dumping data for table `storestraffic`
--

LOCK TABLES `storestraffic` WRITE;
/*!40000 ALTER TABLE `storestraffic` DISABLE KEYS */;
INSERT INTO `storestraffic` VALUES (1,'1','2023-02-06','08:00:00','08:30:00',0,2),(2,'1','2023-02-06','08:30:00','09:00:00',0.1,2),(3,'1','2023-02-06','09:00:00','09:30:00',1.3,2),(4,'1','2023-02-06','09:30:00','10:00:00',5.7,2),(5,'1','2023-02-06','10:00:00','10:30:00',11.1,3),(6,'1','2023-02-06','10:30:00','11:00:00',13.4,4),(7,'1','2023-02-06','11:00:00','11:30:00',13.3,4),(8,'1','2023-02-06','11:30:00','12:00:00',17.3,5),(9,'1','2023-02-06','12:00:00','12:30:00',18.1,5),(10,'1','2023-02-06','12:30:00','13:00:00',22.8,6),(11,'1','2023-02-06','13:00:00','13:30:00',26.9,8),(12,'1','2023-02-06','13:30:00','14:00:00',21.6,7),(13,'1','2023-02-06','14:00:00','14:30:00',18.3,7),(14,'1','2023-02-06','14:30:00','15:00:00',17.2,6),(15,'1','2023-02-06','15:00:00','15:30:00',15.3,5),(16,'1','2023-02-06','15:30:00','16:00:00',14.3,4),(17,'1','2023-02-06','16:00:00','16:30:00',11.6,4),(18,'1','2023-02-06','16:30:00','17:00:00',8.3,4),(19,'1','2023-02-06','17:00:00','17:30:00',8.3,4),(20,'1','2023-02-06','17:30:00','18:00:00',7.2,4),(21,'1','2023-02-06','18:00:00','18:30:00',5.6,2),(22,'1','2023-02-06','18:30:00','19:00:00',5.6,2),(23,'1','2023-02-06','19:00:00','19:30:00',2.5,2),(24,'1','2023-02-06','19:30:00','20:00:00',2.1,2),(25,'1','2023-02-06','20:00:00','20:30:00',0.1,2),(26,'1','2023-02-06','20:30:00','21:00:00',0.1,2),(27,'1','2023-02-06','21:00:00','21:30:00',0,4),(28,'1','2023-02-06','21:30:00','22:00:00',0,4),(29,'1','2023-02-06','22:00:00','22:30:00',0,4),(30,'1','2023-02-06','22:30:00','23:00:00',0,4),(31,'1','2023-02-06','23:00:00','23:30:00',0,0),(32,'1','2023-02-06','23:30:00','24:00:00',0,0),(33,'1','2023-02-07','08:00:00','08:30:00',0,2),(34,'1','2023-02-07','08:30:00','09:00:00',0.1,2),(35,'1','2023-02-07','09:00:00','09:30:00',1.3,2),(36,'1','2023-02-07','09:30:00','10:00:00',5.7,2),(37,'1','2023-02-07','10:00:00','10:30:00',11.1,3),(38,'1','2023-02-07','10:30:00','11:00:00',13.4,4),(39,'1','2023-02-07','11:00:00','11:30:00',13.3,4),(40,'1','2023-02-07','11:30:00','12:00:00',17.3,5),(41,'1','2023-02-07','12:00:00','12:30:00',18.1,5),(42,'1','2023-02-07','12:30:00','13:00:00',22.8,6),(43,'1','2023-02-07','13:00:00','13:30:00',26.9,8),(44,'1','2023-02-07','13:30:00','14:00:00',21.6,7),(45,'1','2023-02-07','14:00:00','14:30:00',18.3,7),(46,'1','2023-02-07','14:30:00','15:00:00',17.2,6),(47,'1','2023-02-07','15:00:00','15:30:00',15.3,5),(48,'1','2023-02-07','15:30:00','16:00:00',14.3,4),(49,'1','2023-02-07','16:00:00','16:30:00',11.6,4),(50,'1','2023-02-07','16:30:00','17:00:00',8.3,4),(51,'1','2023-02-07','17:00:00','17:30:00',8.3,4),(52,'1','2023-02-07','17:30:00','18:00:00',7.2,4),(53,'1','2023-02-07','18:00:00','18:30:00',5.6,2),(54,'1','2023-02-07','18:30:00','19:00:00',5.6,2),(55,'1','2023-02-07','19:00:00','19:30:00',2.5,2),(56,'1','2023-02-07','19:30:00','20:00:00',2.1,2),(57,'1','2023-02-07','20:00:00','20:30:00',0.1,2),(58,'1','2023-02-07','20:30:00','21:00:00',0.1,2),(59,'1','2023-02-07','21:00:00','21:30:00',0,4),(60,'1','2023-02-07','21:30:00','22:00:00',0,4),(61,'1','2023-02-07','22:00:00','22:30:00',0,4),(62,'1','2023-02-07','22:30:00','23:00:00',0,4),(63,'1','2023-02-07','23:00:00','23:30:00',0,0),(64,'1','2023-02-07','23:30:00','24:00:00',0,0),(65,'1','2023-02-08','08:00:00','08:30:00',0,2),(66,'1','2023-02-08','08:30:00','09:00:00',0.1,2),(67,'1','2023-02-08','09:00:00','09:30:00',1.3,2),(68,'1','2023-02-08','09:30:00','10:00:00',5.7,2),(69,'1','2023-02-08','10:00:00','10:30:00',11.1,3),(70,'1','2023-02-08','10:30:00','11:00:00',13.4,4),(71,'1','2023-02-08','11:00:00','11:30:00',13.3,4),(72,'1','2023-02-08','11:30:00','12:00:00',17.3,5),(73,'1','2023-02-08','12:00:00','12:30:00',18.1,5),(74,'1','2023-02-08','12:30:00','13:00:00',22.8,6),(75,'1','2023-02-08','13:00:00','13:30:00',26.9,8),(76,'1','2023-02-08','13:30:00','14:00:00',21.6,7),(77,'1','2023-02-08','14:00:00','14:30:00',18.3,7),(78,'1','2023-02-08','14:30:00','15:00:00',17.2,6),(79,'1','2023-02-08','15:00:00','15:30:00',15.3,5),(80,'1','2023-02-08','15:30:00','16:00:00',14.3,4),(81,'1','2023-02-08','16:00:00','16:30:00',11.6,4),(82,'1','2023-02-08','16:30:00','17:00:00',8.3,4),(83,'1','2023-02-08','17:00:00','17:30:00',8.3,4),(84,'1','2023-02-08','17:30:00','18:00:00',7.2,4),(85,'1','2023-02-08','18:00:00','18:30:00',5.6,2),(86,'1','2023-02-08','18:30:00','19:00:00',5.6,2),(87,'1','2023-02-08','19:00:00','19:30:00',2.5,2),(88,'1','2023-02-08','19:30:00','20:00:00',2.1,2),(89,'1','2023-02-08','20:00:00','20:30:00',0.1,2),(90,'1','2023-02-08','20:30:00','21:00:00',0.1,2),(91,'1','2023-02-08','21:00:00','21:30:00',0,4),(92,'1','2023-02-08','21:30:00','22:00:00',0,4),(93,'1','2023-02-08','22:00:00','22:30:00',0,4),(94,'1','2023-02-08','22:30:00','23:00:00',0,4),(95,'1','2023-02-08','23:00:00','23:30:00',0,0),(96,'1','2023-02-08','23:30:00','24:00:00',0,0),(97,'1','2023-02-09','08:00:00','08:30:00',0,2),(98,'1','2023-02-09','08:30:00','09:00:00',0.1,2),(99,'1','2023-02-09','09:00:00','09:30:00',1.3,2),(100,'1','2023-02-09','09:30:00','10:00:00',5.7,2),(101,'1','2023-02-09','10:00:00','10:30:00',11.1,3),(102,'1','2023-02-09','10:30:00','11:00:00',13.4,4),(103,'1','2023-02-09','11:00:00','11:30:00',13.3,4),(104,'1','2023-02-09','11:30:00','12:00:00',17.3,5),(105,'1','2023-02-09','12:00:00','12:30:00',18.1,5),(106,'1','2023-02-09','12:30:00','13:00:00',22.8,6),(107,'1','2023-02-09','13:00:00','13:30:00',26.9,8),(108,'1','2023-02-09','13:30:00','14:00:00',21.6,7),(109,'1','2023-02-09','14:00:00','14:30:00',18.3,7),(110,'1','2023-02-09','14:30:00','15:00:00',17.2,6),(111,'1','2023-02-09','15:00:00','15:30:00',15.3,5),(112,'1','2023-02-09','15:30:00','16:00:00',14.3,4),(113,'1','2023-02-09','16:00:00','16:30:00',11.6,4),(114,'1','2023-02-09','16:30:00','17:00:00',8.3,4),(115,'1','2023-02-09','17:00:00','17:30:00',8.3,4),(116,'1','2023-02-09','17:30:00','18:00:00',7.2,4),(117,'1','2023-02-09','18:00:00','18:30:00',5.6,2),(118,'1','2023-02-09','18:30:00','19:00:00',5.6,2),(119,'1','2023-02-09','19:00:00','19:30:00',2.5,2),(120,'1','2023-02-09','19:30:00','20:00:00',2.1,2),(121,'1','2023-02-09','20:00:00','20:30:00',0.1,2),(122,'1','2023-02-09','20:30:00','21:00:00',0.1,2),(123,'1','2023-02-09','21:00:00','21:30:00',0,4),(124,'1','2023-02-09','21:30:00','22:00:00',0,4),(125,'1','2023-02-09','22:00:00','22:30:00',0,4),(126,'1','2023-02-09','22:30:00','23:00:00',0,4),(127,'1','2023-02-09','23:00:00','23:30:00',0,0),(128,'1','2023-02-09','23:30:00','24:00:00',0,0),(129,'1','2023-02-10','08:00:00','08:30:00',0,2),(130,'1','2023-02-10','08:30:00','09:00:00',0.1,2),(131,'1','2023-02-10','09:00:00','09:30:00',1.3,2),(132,'1','2023-02-10','09:30:00','10:00:00',5.7,2),(133,'1','2023-02-10','10:00:00','10:30:00',11.1,3),(134,'1','2023-02-10','10:30:00','11:00:00',13.4,4),(135,'1','2023-02-10','11:00:00','11:30:00',13.3,4),(136,'1','2023-02-10','11:30:00','12:00:00',17.3,5),(137,'1','2023-02-10','12:00:00','12:30:00',18.1,5),(138,'1','2023-02-10','12:30:00','13:00:00',22.8,6),(139,'1','2023-02-10','13:00:00','13:30:00',26.9,8),(140,'1','2023-02-10','13:30:00','14:00:00',21.6,7),(141,'1','2023-02-10','14:00:00','14:30:00',18.3,7),(142,'1','2023-02-10','14:30:00','15:00:00',17.2,6),(143,'1','2023-02-10','15:00:00','15:30:00',15.3,5),(144,'1','2023-02-10','15:30:00','16:00:00',14.3,4),(145,'1','2023-02-10','16:00:00','16:30:00',11.6,4),(146,'1','2023-02-10','16:30:00','17:00:00',8.3,4),(147,'1','2023-02-10','17:00:00','17:30:00',8.3,4),(148,'1','2023-02-10','17:30:00','18:00:00',7.2,4),(149,'1','2023-02-10','18:00:00','18:30:00',5.6,2),(150,'1','2023-02-10','18:30:00','19:00:00',5.6,2),(151,'1','2023-02-10','19:00:00','19:30:00',2.5,2),(152,'1','2023-02-10','19:30:00','20:00:00',2.1,2),(153,'1','2023-02-10','20:00:00','20:30:00',0.1,2),(154,'1','2023-02-10','20:30:00','21:00:00',0.1,2),(155,'1','2023-02-10','21:00:00','21:30:00',0,4),(156,'1','2023-02-10','21:30:00','22:00:00',0,4),(157,'1','2023-02-10','22:00:00','22:30:00',0,4),(158,'1','2023-02-10','22:30:00','23:00:00',0,4),(159,'1','2023-02-10','23:00:00','23:30:00',0,0),(160,'1','2023-02-10','23:30:00','24:00:00',0,0),(161,'1','2023-02-11','08:00:00','08:30:00',0,0),(162,'1','2023-02-11','08:30:00','09:00:00',0.1,0),(163,'1','2023-02-11','09:00:00','09:30:00',1.3,2),(164,'1','2023-02-11','09:30:00','10:00:00',5.7,2),(165,'1','2023-02-11','10:00:00','10:30:00',11.1,3),(166,'1','2023-02-11','10:30:00','11:00:00',13.4,4),(167,'1','2023-02-11','11:00:00','11:30:00',13.3,4),(168,'1','2023-02-11','11:30:00','12:00:00',17.3,5),(169,'1','2023-02-11','12:00:00','12:30:00',18.1,5),(170,'1','2023-02-11','12:30:00','13:00:00',22.8,6),(171,'1','2023-02-11','13:00:00','13:30:00',26.9,8),(172,'1','2023-02-11','13:30:00','14:00:00',21.6,7),(173,'1','2023-02-11','14:00:00','14:30:00',18.3,5),(174,'1','2023-02-11','14:30:00','15:00:00',17.2,5),(175,'1','2023-02-11','15:00:00','15:30:00',15.3,5),(176,'1','2023-02-11','15:30:00','16:00:00',14.3,4),(177,'1','2023-02-11','16:00:00','16:30:00',11.6,4),(178,'1','2023-02-11','16:30:00','17:00:00',8.3,4),(179,'1','2023-02-11','17:00:00','17:30:00',8.3,4),(180,'1','2023-02-11','17:30:00','18:00:00',7.2,3),(181,'1','2023-02-11','18:00:00','18:30:00',5.6,3),(182,'1','2023-02-11','18:30:00','19:00:00',5.6,3),(183,'1','2023-02-11','19:00:00','19:30:00',2.5,1),(184,'1','2023-02-11','19:30:00','20:00:00',2.1,1),(185,'1','2023-02-11','20:00:00','20:30:00',0.1,1),(186,'1','2023-02-11','20:30:00','21:00:00',0.1,1),(187,'1','2023-02-11','21:00:00','21:30:00',0,1),(188,'1','2023-02-11','21:30:00','22:00:00',0,1),(189,'1','2023-02-11','22:00:00','22:30:00',0,4),(190,'1','2023-02-11','22:30:00','23:00:00',0,4),(191,'1','2023-02-11','23:00:00','23:30:00',0,4),(192,'1','2023-02-11','23:30:00','24:00:00',0,4),(193,'1','2023-02-12','08:00:00','08:30:00',0,0),(194,'1','2023-02-12','08:30:00','09:00:00',0.1,0),(195,'1','2023-02-12','09:00:00','09:30:00',1.3,2),(196,'1','2023-02-12','09:30:00','10:00:00',5.7,2),(197,'1','2023-02-12','10:00:00','10:30:00',11.1,3),(198,'1','2023-02-12','10:30:00','11:00:00',13.4,4),(199,'1','2023-02-12','11:00:00','11:30:00',13.3,4),(200,'1','2023-02-12','11:30:00','12:00:00',17.3,5),(201,'1','2023-02-12','12:00:00','12:30:00',18.1,5),(202,'1','2023-02-12','12:30:00','13:00:00',22.8,6),(203,'1','2023-02-12','13:00:00','13:30:00',26.9,8),(204,'1','2023-02-12','13:30:00','14:00:00',21.6,7),(205,'1','2023-02-12','14:00:00','14:30:00',18.3,5),(206,'1','2023-02-12','14:30:00','15:00:00',17.2,5),(207,'1','2023-02-12','15:00:00','15:30:00',15.3,5),(208,'1','2023-02-12','15:30:00','16:00:00',14.3,4),(209,'1','2023-02-12','16:00:00','16:30:00',11.6,4),(210,'1','2023-02-12','16:30:00','17:00:00',8.3,4),(211,'1','2023-02-12','17:00:00','17:30:00',8.3,4),(212,'1','2023-02-12','17:30:00','18:00:00',7.2,3),(213,'1','2023-02-12','18:00:00','18:30:00',5.6,3),(214,'1','2023-02-12','18:30:00','19:00:00',5.6,3),(215,'1','2023-02-12','19:00:00','19:30:00',2.5,1),(216,'1','2023-02-12','19:30:00','20:00:00',2.1,1),(217,'1','2023-02-12','20:00:00','20:30:00',0.1,1),(218,'1','2023-02-12','20:30:00','21:00:00',0.1,1),(219,'1','2023-02-12','21:00:00','21:30:00',0,1),(220,'1','2023-02-12','21:30:00','22:00:00',0,1),(221,'1','2023-02-12','22:00:00','22:30:00',0,4),(222,'1','2023-02-12','22:30:00','23:00:00',0,4),(223,'1','2023-02-12','23:00:00','23:30:00',0,4),(224,'1','2023-02-12','23:30:00','24:00:00',0,4),(225,'1','2023-02-13','08:00:00','08:30:00',0,2),(226,'1','2023-02-13','08:30:00','09:00:00',0.1,2),(227,'1','2023-02-13','09:00:00','09:30:00',1.3,2),(228,'1','2023-02-13','09:30:00','10:00:00',5.7,2),(229,'1','2023-02-13','10:00:00','10:30:00',11.1,3),(230,'1','2023-02-13','10:30:00','11:00:00',13.4,4),(231,'1','2023-02-13','11:00:00','11:30:00',13.3,4),(232,'1','2023-02-13','11:30:00','12:00:00',17.3,5),(233,'1','2023-02-13','12:00:00','12:30:00',18.1,5),(234,'1','2023-02-13','12:30:00','13:00:00',22.8,6),(235,'1','2023-02-13','13:00:00','13:30:00',26.9,8),(236,'1','2023-02-13','13:30:00','14:00:00',21.6,7),(237,'1','2023-02-13','14:00:00','14:30:00',18.3,7),(238,'1','2023-02-13','14:30:00','15:00:00',17.2,6),(239,'1','2023-02-13','15:00:00','15:30:00',15.3,5),(240,'1','2023-02-13','15:30:00','16:00:00',14.3,4),(241,'1','2023-02-13','16:00:00','16:30:00',11.6,4),(242,'1','2023-02-13','16:30:00','17:00:00',8.3,4),(243,'1','2023-02-13','17:00:00','17:30:00',8.3,4),(244,'1','2023-02-13','17:30:00','18:00:00',7.2,4),(245,'1','2023-02-13','18:00:00','18:30:00',5.6,2),(246,'1','2023-02-13','18:30:00','19:00:00',5.6,2),(247,'1','2023-02-13','19:00:00','19:30:00',2.5,2),(248,'1','2023-02-13','19:30:00','20:00:00',2.1,2),(249,'1','2023-02-13','20:00:00','20:30:00',0.1,2),(250,'1','2023-02-13','20:30:00','21:00:00',0.1,2),(251,'1','2023-02-13','21:00:00','21:30:00',0,4),(252,'1','2023-02-13','21:30:00','22:00:00',0,4),(253,'1','2023-02-13','22:00:00','22:30:00',0,4),(254,'1','2023-02-13','22:30:00','23:00:00',0,4),(255,'1','2023-02-13','23:00:00','23:30:00',0,0),(256,'1','2023-02-13','23:30:00','24:00:00',0,0),(257,'1','2023-02-14','08:00:00','08:30:00',0,2),(258,'1','2023-02-14','08:30:00','09:00:00',0.1,2),(259,'1','2023-02-14','09:00:00','09:30:00',1.3,2),(260,'1','2023-02-14','09:30:00','10:00:00',5.7,2),(261,'1','2023-02-14','10:00:00','10:30:00',11.1,3),(262,'1','2023-02-14','10:30:00','11:00:00',13.4,4),(263,'1','2023-02-14','11:00:00','11:30:00',13.3,4),(264,'1','2023-02-14','11:30:00','12:00:00',17.3,5),(265,'1','2023-02-14','12:00:00','12:30:00',18.1,5),(266,'1','2023-02-14','12:30:00','13:00:00',22.8,6),(267,'1','2023-02-14','13:00:00','13:30:00',26.9,8),(268,'1','2023-02-14','13:30:00','14:00:00',21.6,7),(269,'1','2023-02-14','14:00:00','14:30:00',18.3,7),(270,'1','2023-02-14','14:30:00','15:00:00',17.2,6),(271,'1','2023-02-14','15:00:00','15:30:00',15.3,5),(272,'1','2023-02-14','15:30:00','16:00:00',14.3,4),(273,'1','2023-02-14','16:00:00','16:30:00',11.6,4),(274,'1','2023-02-14','16:30:00','17:00:00',8.3,4),(275,'1','2023-02-14','17:00:00','17:30:00',8.3,4),(276,'1','2023-02-14','17:30:00','18:00:00',7.2,4),(277,'1','2023-02-14','18:00:00','18:30:00',5.6,2),(278,'1','2023-02-14','18:30:00','19:00:00',5.6,2),(279,'1','2023-02-14','19:00:00','19:30:00',2.5,2),(280,'1','2023-02-14','19:30:00','20:00:00',2.1,2),(281,'1','2023-02-14','20:00:00','20:30:00',0.1,2),(282,'1','2023-02-14','20:30:00','21:00:00',0.1,2),(283,'1','2023-02-14','21:00:00','21:30:00',0,4),(284,'1','2023-02-14','21:30:00','22:00:00',0,4),(285,'1','2023-02-14','22:00:00','22:30:00',0,4),(286,'1','2023-02-14','22:30:00','23:00:00',0,4),(287,'1','2023-02-14','23:00:00','23:30:00',0,0),(288,'1','2023-02-14','23:30:00','24:00:00',0,0),(289,'1','2023-02-15','08:00:00','08:30:00',0,2),(290,'1','2023-02-15','08:30:00','09:00:00',0.1,2),(291,'1','2023-02-15','09:00:00','09:30:00',1.3,2),(292,'1','2023-02-15','09:30:00','10:00:00',5.7,2),(293,'1','2023-02-15','10:00:00','10:30:00',11.1,3),(294,'1','2023-02-15','10:30:00','11:00:00',13.4,4),(295,'1','2023-02-15','11:00:00','11:30:00',13.3,4),(296,'1','2023-02-15','11:30:00','12:00:00',17.3,5),(297,'1','2023-02-15','12:00:00','12:30:00',18.1,5),(298,'1','2023-02-15','12:30:00','13:00:00',22.8,6),(299,'1','2023-02-15','13:00:00','13:30:00',26.9,8),(300,'1','2023-02-15','13:30:00','14:00:00',21.6,7),(301,'1','2023-02-15','14:00:00','14:30:00',18.3,7),(302,'1','2023-02-15','14:30:00','15:00:00',17.2,6),(303,'1','2023-02-15','15:00:00','15:30:00',15.3,5),(304,'1','2023-02-15','15:30:00','16:00:00',14.3,4),(305,'1','2023-02-15','16:00:00','16:30:00',11.6,4),(306,'1','2023-02-15','16:30:00','17:00:00',8.3,4),(307,'1','2023-02-15','17:00:00','17:30:00',8.3,4),(308,'1','2023-02-15','17:30:00','18:00:00',7.2,4),(309,'1','2023-02-15','18:00:00','18:30:00',5.6,2),(310,'1','2023-02-15','18:30:00','19:00:00',5.6,2),(311,'1','2023-02-15','19:00:00','19:30:00',2.5,2),(312,'1','2023-02-15','19:30:00','20:00:00',2.1,2),(313,'1','2023-02-15','20:00:00','20:30:00',0.1,2),(314,'1','2023-02-15','20:30:00','21:00:00',0.1,2),(315,'1','2023-02-15','21:00:00','21:30:00',0,4),(316,'1','2023-02-15','21:30:00','22:00:00',0,4),(317,'1','2023-02-15','22:00:00','22:30:00',0,4),(318,'1','2023-02-15','22:30:00','23:00:00',0,4),(319,'1','2023-02-15','23:00:00','23:30:00',0,0),(320,'1','2023-02-15','23:30:00','24:00:00',0,0),(321,'1','2023-02-16','08:00:00','08:30:00',0,2),(322,'1','2023-02-16','08:30:00','09:00:00',0.1,2),(323,'1','2023-02-16','09:00:00','09:30:00',1.3,2),(324,'1','2023-02-16','09:30:00','10:00:00',5.7,2),(325,'1','2023-02-16','10:00:00','10:30:00',11.1,3),(326,'1','2023-02-16','10:30:00','11:00:00',13.4,4),(327,'1','2023-02-16','11:00:00','11:30:00',13.3,4),(328,'1','2023-02-16','11:30:00','12:00:00',17.3,5),(329,'1','2023-02-16','12:00:00','12:30:00',18.1,5),(330,'1','2023-02-16','12:30:00','13:00:00',22.8,6),(331,'1','2023-02-16','13:00:00','13:30:00',26.9,8),(332,'1','2023-02-16','13:30:00','14:00:00',21.6,7),(333,'1','2023-02-16','14:00:00','14:30:00',18.3,7),(334,'1','2023-02-16','14:30:00','15:00:00',17.2,6),(335,'1','2023-02-16','15:00:00','15:30:00',15.3,5),(336,'1','2023-02-16','15:30:00','16:00:00',14.3,4),(337,'1','2023-02-16','16:00:00','16:30:00',11.6,4),(338,'1','2023-02-16','16:30:00','17:00:00',8.3,4),(339,'1','2023-02-16','17:00:00','17:30:00',8.3,4),(340,'1','2023-02-16','17:30:00','18:00:00',7.2,4),(341,'1','2023-02-16','18:00:00','18:30:00',5.6,2),(342,'1','2023-02-16','18:30:00','19:00:00',5.6,2),(343,'1','2023-02-16','19:00:00','19:30:00',2.5,2),(344,'1','2023-02-16','19:30:00','20:00:00',2.1,2),(345,'1','2023-02-16','20:00:00','20:30:00',0.1,2),(346,'1','2023-02-16','20:30:00','21:00:00',0.1,2),(347,'1','2023-02-16','21:00:00','21:30:00',0,4),(348,'1','2023-02-16','21:30:00','22:00:00',0,4),(349,'1','2023-02-16','22:00:00','22:30:00',0,4),(350,'1','2023-02-16','22:30:00','23:00:00',0,4),(351,'1','2023-02-16','23:00:00','23:30:00',0,0),(352,'1','2023-02-16','23:30:00','24:00:00',0,0),(353,'1','2023-02-17','08:00:00','08:30:00',0,2),(354,'1','2023-02-17','08:30:00','09:00:00',0.1,2),(355,'1','2023-02-17','09:00:00','09:30:00',1.3,2),(356,'1','2023-02-17','09:30:00','10:00:00',5.7,2),(357,'1','2023-02-17','10:00:00','10:30:00',11.1,3),(358,'1','2023-02-17','10:30:00','11:00:00',13.4,4),(359,'1','2023-02-17','11:00:00','11:30:00',13.3,4),(360,'1','2023-02-17','11:30:00','12:00:00',17.3,5),(361,'1','2023-02-17','12:00:00','12:30:00',18.1,5),(362,'1','2023-02-17','12:30:00','13:00:00',22.8,6),(363,'1','2023-02-17','13:00:00','13:30:00',26.9,8),(364,'1','2023-02-17','13:30:00','14:00:00',21.6,7),(365,'1','2023-02-17','14:00:00','14:30:00',18.3,7),(366,'1','2023-02-17','14:30:00','15:00:00',17.2,6),(367,'1','2023-02-17','15:00:00','15:30:00',15.3,5),(368,'1','2023-02-17','15:30:00','16:00:00',14.3,4),(369,'1','2023-02-17','16:00:00','16:30:00',11.6,4),(370,'1','2023-02-17','16:30:00','17:00:00',8.3,4),(371,'1','2023-02-17','17:00:00','17:30:00',8.3,4),(372,'1','2023-02-17','17:30:00','18:00:00',7.2,4),(373,'1','2023-02-17','18:00:00','18:30:00',5.6,2),(374,'1','2023-02-17','18:30:00','19:00:00',5.6,2),(375,'1','2023-02-17','19:00:00','19:30:00',2.5,2),(376,'1','2023-02-17','19:30:00','20:00:00',2.1,2),(377,'1','2023-02-17','20:00:00','20:30:00',0.1,2),(378,'1','2023-02-17','20:30:00','21:00:00',0.1,2),(379,'1','2023-02-17','21:00:00','21:30:00',0,4),(380,'1','2023-02-17','21:30:00','22:00:00',0,4),(381,'1','2023-02-17','22:00:00','22:30:00',0,4),(382,'1','2023-02-17','22:30:00','23:00:00',0,4),(383,'1','2023-02-17','23:00:00','23:30:00',0,0),(384,'1','2023-02-17','23:30:00','24:00:00',0,0),(385,'1','2023-02-18','08:00:00','08:30:00',0,0),(386,'1','2023-02-18','08:30:00','09:00:00',0.1,0),(387,'1','2023-02-18','09:00:00','09:30:00',1.3,2),(388,'1','2023-02-18','09:30:00','10:00:00',5.7,2),(389,'1','2023-02-18','10:00:00','10:30:00',11.1,3),(390,'1','2023-02-18','10:30:00','11:00:00',13.4,4),(391,'1','2023-02-18','11:00:00','11:30:00',13.3,4),(392,'1','2023-02-18','11:30:00','12:00:00',17.3,5),(393,'1','2023-02-18','12:00:00','12:30:00',18.1,5),(394,'1','2023-02-18','12:30:00','13:00:00',22.8,6),(395,'1','2023-02-18','13:00:00','13:30:00',26.9,8),(396,'1','2023-02-18','13:30:00','14:00:00',21.6,7),(397,'1','2023-02-18','14:00:00','14:30:00',18.3,5),(398,'1','2023-02-18','14:30:00','15:00:00',17.2,5),(399,'1','2023-02-18','15:00:00','15:30:00',15.3,5),(400,'1','2023-02-18','15:30:00','16:00:00',14.3,4),(401,'1','2023-02-18','16:00:00','16:30:00',11.6,4),(402,'1','2023-02-18','16:30:00','17:00:00',8.3,4),(403,'1','2023-02-18','17:00:00','17:30:00',8.3,4),(404,'1','2023-02-18','17:30:00','18:00:00',7.2,3),(405,'1','2023-02-18','18:00:00','18:30:00',5.6,3),(406,'1','2023-02-18','18:30:00','19:00:00',5.6,3),(407,'1','2023-02-18','19:00:00','19:30:00',2.5,1),(408,'1','2023-02-18','19:30:00','20:00:00',2.1,1),(409,'1','2023-02-18','20:00:00','20:30:00',0.1,1),(410,'1','2023-02-18','20:30:00','21:00:00',0.1,1),(411,'1','2023-02-18','21:00:00','21:30:00',0,1),(412,'1','2023-02-18','21:30:00','22:00:00',0,1),(413,'1','2023-02-18','22:00:00','22:30:00',0,4),(414,'1','2023-02-18','22:30:00','23:00:00',0,4),(415,'1','2023-02-18','23:00:00','23:30:00',0,4),(416,'1','2023-02-18','23:30:00','24:00:00',0,4),(417,'1','2023-02-19','08:00:00','08:30:00',0,0),(418,'1','2023-02-19','08:30:00','09:00:00',0.1,0),(419,'1','2023-02-19','09:00:00','09:30:00',1.3,2),(420,'1','2023-02-19','09:30:00','10:00:00',5.7,2),(421,'1','2023-02-19','10:00:00','10:30:00',11.1,3),(422,'1','2023-02-19','10:30:00','11:00:00',13.4,4),(423,'1','2023-02-19','11:00:00','11:30:00',13.3,4),(424,'1','2023-02-19','11:30:00','12:00:00',17.3,5),(425,'1','2023-02-19','12:00:00','12:30:00',18.1,5),(426,'1','2023-02-19','12:30:00','13:00:00',22.8,6),(427,'1','2023-02-19','13:00:00','13:30:00',26.9,8),(428,'1','2023-02-19','13:30:00','14:00:00',21.6,7),(429,'1','2023-02-19','14:00:00','14:30:00',18.3,5),(430,'1','2023-02-19','14:30:00','15:00:00',17.2,5),(431,'1','2023-02-19','15:00:00','15:30:00',15.3,5),(432,'1','2023-02-19','15:30:00','16:00:00',14.3,4),(433,'1','2023-02-19','16:00:00','16:30:00',11.6,4),(434,'1','2023-02-19','16:30:00','17:00:00',8.3,4),(435,'1','2023-02-19','17:00:00','17:30:00',8.3,4),(436,'1','2023-02-19','17:30:00','18:00:00',7.2,3),(437,'1','2023-02-19','18:00:00','18:30:00',5.6,3),(438,'1','2023-02-19','18:30:00','19:00:00',5.6,3),(439,'1','2023-02-19','19:00:00','19:30:00',2.5,1),(440,'1','2023-02-19','19:30:00','20:00:00',2.1,1),(441,'1','2023-02-19','20:00:00','20:30:00',0.1,1),(442,'1','2023-02-19','20:30:00','21:00:00',0.1,1),(443,'1','2023-02-19','21:00:00','21:30:00',0,1),(444,'1','2023-02-19','21:30:00','22:00:00',0,1),(445,'1','2023-02-19','22:00:00','22:30:00',0,4),(446,'1','2023-02-19','22:30:00','23:00:00',0,4),(447,'1','2023-02-19','23:00:00','23:30:00',0,4),(448,'1','2023-02-19','23:30:00','24:00:00',0,4),(449,'1','2023-02-20','08:00:00','08:30:00',0,2),(450,'1','2023-02-20','08:30:00','09:00:00',0.1,2),(451,'1','2023-02-20','09:00:00','09:30:00',1.3,2),(452,'1','2023-02-20','09:30:00','10:00:00',5.7,2),(453,'1','2023-02-20','10:00:00','10:30:00',11.1,3),(454,'1','2023-02-20','10:30:00','11:00:00',13.4,4),(455,'1','2023-02-20','11:00:00','11:30:00',13.3,4),(456,'1','2023-02-20','11:30:00','12:00:00',17.3,5),(457,'1','2023-02-20','12:00:00','12:30:00',18.1,5),(458,'1','2023-02-20','12:30:00','13:00:00',22.8,6),(459,'1','2023-02-20','13:00:00','13:30:00',26.9,8),(460,'1','2023-02-20','13:30:00','14:00:00',21.6,7),(461,'1','2023-02-20','14:00:00','14:30:00',18.3,7),(462,'1','2023-02-20','14:30:00','15:00:00',17.2,6),(463,'1','2023-02-20','15:00:00','15:30:00',15.3,5),(464,'1','2023-02-20','15:30:00','16:00:00',14.3,4),(465,'1','2023-02-20','16:00:00','16:30:00',11.6,4),(466,'1','2023-02-20','16:30:00','17:00:00',8.3,4),(467,'1','2023-02-20','17:00:00','17:30:00',8.3,4),(468,'1','2023-02-20','17:30:00','18:00:00',7.2,4),(469,'1','2023-02-20','18:00:00','18:30:00',5.6,2),(470,'1','2023-02-20','18:30:00','19:00:00',5.6,2),(471,'1','2023-02-20','19:00:00','19:30:00',2.5,2),(472,'1','2023-02-20','19:30:00','20:00:00',2.1,2),(473,'1','2023-02-20','20:00:00','20:30:00',0.1,2),(474,'1','2023-02-20','20:30:00','21:00:00',0.1,2),(475,'1','2023-02-20','21:00:00','21:30:00',0,4),(476,'1','2023-02-20','21:30:00','22:00:00',0,4),(477,'1','2023-02-20','22:00:00','22:30:00',0,4),(478,'1','2023-02-20','22:30:00','23:00:00',0,4),(479,'1','2023-02-20','23:00:00','23:30:00',0,0),(480,'1','2023-02-20','23:30:00','24:00:00',0,0),(481,'1','2023-02-21','08:00:00','08:30:00',0,2),(482,'1','2023-02-21','08:30:00','09:00:00',0.1,2),(483,'1','2023-02-21','09:00:00','09:30:00',1.3,2),(484,'1','2023-02-21','09:30:00','10:00:00',5.7,2),(485,'1','2023-02-21','10:00:00','10:30:00',11.1,3),(486,'1','2023-02-21','10:30:00','11:00:00',13.4,4),(487,'1','2023-02-21','11:00:00','11:30:00',13.3,4),(488,'1','2023-02-21','11:30:00','12:00:00',17.3,5),(489,'1','2023-02-21','12:00:00','12:30:00',18.1,5),(490,'1','2023-02-21','12:30:00','13:00:00',22.8,6),(491,'1','2023-02-21','13:00:00','13:30:00',26.9,8),(492,'1','2023-02-21','13:30:00','14:00:00',21.6,7),(493,'1','2023-02-21','14:00:00','14:30:00',18.3,7),(494,'1','2023-02-21','14:30:00','15:00:00',17.2,6),(495,'1','2023-02-21','15:00:00','15:30:00',15.3,5),(496,'1','2023-02-21','15:30:00','16:00:00',14.3,4),(497,'1','2023-02-21','16:00:00','16:30:00',11.6,4),(498,'1','2023-02-21','16:30:00','17:00:00',8.3,4),(499,'1','2023-02-21','17:00:00','17:30:00',8.3,4),(500,'1','2023-02-21','17:30:00','18:00:00',7.2,4),(501,'1','2023-02-21','18:00:00','18:30:00',5.6,2),(502,'1','2023-02-21','18:30:00','19:00:00',5.6,2),(503,'1','2023-02-21','19:00:00','19:30:00',2.5,2),(504,'1','2023-02-21','19:30:00','20:00:00',2.1,2),(505,'1','2023-02-21','20:00:00','20:30:00',0.1,2),(506,'1','2023-02-21','20:30:00','21:00:00',0.1,2),(507,'1','2023-02-21','21:00:00','21:30:00',0,4),(508,'1','2023-02-21','21:30:00','22:00:00',0,4),(509,'1','2023-02-21','22:00:00','22:30:00',0,4),(510,'1','2023-02-21','22:30:00','23:00:00',0,4),(511,'1','2023-02-21','23:00:00','23:30:00',0,0),(512,'1','2023-02-21','23:30:00','24:00:00',0,0),(513,'1','2023-02-22','08:00:00','08:30:00',0,2),(514,'1','2023-02-22','08:30:00','09:00:00',0.1,2),(515,'1','2023-02-22','09:00:00','09:30:00',1.3,2),(516,'1','2023-02-22','09:30:00','10:00:00',5.7,2),(517,'1','2023-02-22','10:00:00','10:30:00',11.1,3),(518,'1','2023-02-22','10:30:00','11:00:00',13.4,4),(519,'1','2023-02-22','11:00:00','11:30:00',13.3,4),(520,'1','2023-02-22','11:30:00','12:00:00',17.3,5),(521,'1','2023-02-22','12:00:00','12:30:00',18.1,5),(522,'1','2023-02-22','12:30:00','13:00:00',22.8,6),(523,'1','2023-02-22','13:00:00','13:30:00',26.9,8),(524,'1','2023-02-22','13:30:00','14:00:00',21.6,7),(525,'1','2023-02-22','14:00:00','14:30:00',18.3,7),(526,'1','2023-02-22','14:30:00','15:00:00',17.2,6),(527,'1','2023-02-22','15:00:00','15:30:00',15.3,5),(528,'1','2023-02-22','15:30:00','16:00:00',14.3,4),(529,'1','2023-02-22','16:00:00','16:30:00',11.6,4),(530,'1','2023-02-22','16:30:00','17:00:00',8.3,4),(531,'1','2023-02-22','17:00:00','17:30:00',8.3,4),(532,'1','2023-02-22','17:30:00','18:00:00',7.2,4),(533,'1','2023-02-22','18:00:00','18:30:00',5.6,2),(534,'1','2023-02-22','18:30:00','19:00:00',5.6,2),(535,'1','2023-02-22','19:00:00','19:30:00',2.5,2),(536,'1','2023-02-22','19:30:00','20:00:00',2.1,2),(537,'1','2023-02-22','20:00:00','20:30:00',0.1,2),(538,'1','2023-02-22','20:30:00','21:00:00',0.1,2),(539,'1','2023-02-22','21:00:00','21:30:00',0,4),(540,'1','2023-02-22','21:30:00','22:00:00',0,4),(541,'1','2023-02-22','22:00:00','22:30:00',0,4),(542,'1','2023-02-22','22:30:00','23:00:00',0,4),(543,'1','2023-02-22','23:00:00','23:30:00',0,0),(544,'1','2023-02-22','23:30:00','24:00:00',0,0),(545,'1','2023-02-23','08:00:00','08:30:00',0,2),(546,'1','2023-02-23','08:30:00','09:00:00',0.1,2),(547,'1','2023-02-23','09:00:00','09:30:00',1.3,2),(548,'1','2023-02-23','09:30:00','10:00:00',5.7,2),(549,'1','2023-02-23','10:00:00','10:30:00',11.1,3),(550,'1','2023-02-23','10:30:00','11:00:00',13.4,4),(551,'1','2023-02-23','11:00:00','11:30:00',13.3,4),(552,'1','2023-02-23','11:30:00','12:00:00',17.3,5),(553,'1','2023-02-23','12:00:00','12:30:00',18.1,5),(554,'1','2023-02-23','12:30:00','13:00:00',22.8,6),(555,'1','2023-02-23','13:00:00','13:30:00',26.9,8),(556,'1','2023-02-23','13:30:00','14:00:00',21.6,7),(557,'1','2023-02-23','14:00:00','14:30:00',18.3,7),(558,'1','2023-02-23','14:30:00','15:00:00',17.2,6),(559,'1','2023-02-23','15:00:00','15:30:00',15.3,5),(560,'1','2023-02-23','15:30:00','16:00:00',14.3,4),(561,'1','2023-02-23','16:00:00','16:30:00',11.6,4),(562,'1','2023-02-23','16:30:00','17:00:00',8.3,4),(563,'1','2023-02-23','17:00:00','17:30:00',8.3,4),(564,'1','2023-02-23','17:30:00','18:00:00',7.2,4),(565,'1','2023-02-23','18:00:00','18:30:00',5.6,2),(566,'1','2023-02-23','18:30:00','19:00:00',5.6,2),(567,'1','2023-02-23','19:00:00','19:30:00',2.5,2),(568,'1','2023-02-23','19:30:00','20:00:00',2.1,2),(569,'1','2023-02-23','20:00:00','20:30:00',0.1,2),(570,'1','2023-02-23','20:30:00','21:00:00',0.1,2),(571,'1','2023-02-23','21:00:00','21:30:00',0,4),(572,'1','2023-02-23','21:30:00','22:00:00',0,4),(573,'1','2023-02-23','22:00:00','22:30:00',0,4),(574,'1','2023-02-23','22:30:00','23:00:00',0,4),(575,'1','2023-02-23','23:00:00','23:30:00',0,0),(576,'1','2023-02-23','23:30:00','24:00:00',0,0),(577,'1','2023-02-24','08:00:00','08:30:00',0,2),(578,'1','2023-02-24','08:30:00','09:00:00',0.1,2),(579,'1','2023-02-24','09:00:00','09:30:00',1.3,2),(580,'1','2023-02-24','09:30:00','10:00:00',5.7,2),(581,'1','2023-02-24','10:00:00','10:30:00',11.1,3),(582,'1','2023-02-24','10:30:00','11:00:00',13.4,4),(583,'1','2023-02-24','11:00:00','11:30:00',13.3,4),(584,'1','2023-02-24','11:30:00','12:00:00',17.3,5),(585,'1','2023-02-24','12:00:00','12:30:00',18.1,5),(586,'1','2023-02-24','12:30:00','13:00:00',22.8,6),(587,'1','2023-02-24','13:00:00','13:30:00',26.9,8),(588,'1','2023-02-24','13:30:00','14:00:00',21.6,7),(589,'1','2023-02-24','14:00:00','14:30:00',18.3,7),(590,'1','2023-02-24','14:30:00','15:00:00',17.2,6),(591,'1','2023-02-24','15:00:00','15:30:00',15.3,5),(592,'1','2023-02-24','15:30:00','16:00:00',14.3,4),(593,'1','2023-02-24','16:00:00','16:30:00',11.6,4),(594,'1','2023-02-24','16:30:00','17:00:00',8.3,4),(595,'1','2023-02-24','17:00:00','17:30:00',8.3,4),(596,'1','2023-02-24','17:30:00','18:00:00',7.2,4),(597,'1','2023-02-24','18:00:00','18:30:00',5.6,2),(598,'1','2023-02-24','18:30:00','19:00:00',5.6,2),(599,'1','2023-02-24','19:00:00','19:30:00',2.5,2),(600,'1','2023-02-24','19:30:00','20:00:00',2.1,2),(601,'1','2023-02-24','20:00:00','20:30:00',0.1,2),(602,'1','2023-02-24','20:30:00','21:00:00',0.1,2),(603,'1','2023-02-24','21:00:00','21:30:00',0,4),(604,'1','2023-02-24','21:30:00','22:00:00',0,4),(605,'1','2023-02-24','22:00:00','22:30:00',0,4),(606,'1','2023-02-24','22:30:00','23:00:00',0,4),(607,'1','2023-02-24','23:00:00','23:30:00',0,0),(608,'1','2023-02-24','23:30:00','24:00:00',0,0),(609,'1','2023-02-25','08:00:00','08:30:00',0,0),(610,'1','2023-02-25','08:30:00','09:00:00',0.1,0),(611,'1','2023-02-25','09:00:00','09:30:00',1.3,2),(612,'1','2023-02-25','09:30:00','10:00:00',5.7,2),(613,'1','2023-02-25','10:00:00','10:30:00',11.1,3),(614,'1','2023-02-25','10:30:00','11:00:00',13.4,4),(615,'1','2023-02-25','11:00:00','11:30:00',13.3,4),(616,'1','2023-02-25','11:30:00','12:00:00',17.3,5),(617,'1','2023-02-25','12:00:00','12:30:00',18.1,5),(618,'1','2023-02-25','12:30:00','13:00:00',22.8,6),(619,'1','2023-02-25','13:00:00','13:30:00',26.9,8),(620,'1','2023-02-25','13:30:00','14:00:00',21.6,7),(621,'1','2023-02-25','14:00:00','14:30:00',18.3,5),(622,'1','2023-02-25','14:30:00','15:00:00',17.2,5),(623,'1','2023-02-25','15:00:00','15:30:00',15.3,5),(624,'1','2023-02-25','15:30:00','16:00:00',14.3,4),(625,'1','2023-02-25','16:00:00','16:30:00',11.6,4),(626,'1','2023-02-25','16:30:00','17:00:00',8.3,4),(627,'1','2023-02-25','17:00:00','17:30:00',8.3,4),(628,'1','2023-02-25','17:30:00','18:00:00',7.2,3),(629,'1','2023-02-25','18:00:00','18:30:00',5.6,3),(630,'1','2023-02-25','18:30:00','19:00:00',5.6,3),(631,'1','2023-02-25','19:00:00','19:30:00',2.5,1),(632,'1','2023-02-25','19:30:00','20:00:00',2.1,1),(633,'1','2023-02-25','20:00:00','20:30:00',0.1,1),(634,'1','2023-02-25','20:30:00','21:00:00',0.1,1),(635,'1','2023-02-25','21:00:00','21:30:00',0,1),(636,'1','2023-02-25','21:30:00','22:00:00',0,1),(637,'1','2023-02-25','22:00:00','22:30:00',0,4),(638,'1','2023-02-25','22:30:00','23:00:00',0,4),(639,'1','2023-02-25','23:00:00','23:30:00',0,4),(640,'1','2023-02-25','23:30:00','24:00:00',0,4),(641,'1','2023-02-26','08:00:00','08:30:00',0,0),(642,'1','2023-02-26','08:30:00','09:00:00',0.1,0),(643,'1','2023-02-26','09:00:00','09:30:00',1.3,2),(644,'1','2023-02-26','09:30:00','10:00:00',5.7,2),(645,'1','2023-02-26','10:00:00','10:30:00',11.1,3),(646,'1','2023-02-26','10:30:00','11:00:00',13.4,4),(647,'1','2023-02-26','11:00:00','11:30:00',13.3,4),(648,'1','2023-02-26','11:30:00','12:00:00',17.3,5),(649,'1','2023-02-26','12:00:00','12:30:00',18.1,5),(650,'1','2023-02-26','12:30:00','13:00:00',22.8,6),(651,'1','2023-02-26','13:00:00','13:30:00',26.9,8),(652,'1','2023-02-26','13:30:00','14:00:00',21.6,7),(653,'1','2023-02-26','14:00:00','14:30:00',18.3,5),(654,'1','2023-02-26','14:30:00','15:00:00',17.2,5),(655,'1','2023-02-26','15:00:00','15:30:00',15.3,5),(656,'1','2023-02-26','15:30:00','16:00:00',14.3,4),(657,'1','2023-02-26','16:00:00','16:30:00',11.6,4),(658,'1','2023-02-26','16:30:00','17:00:00',8.3,4),(659,'1','2023-02-26','17:00:00','17:30:00',8.3,4),(660,'1','2023-02-26','17:30:00','18:00:00',7.2,3),(661,'1','2023-02-26','18:00:00','18:30:00',5.6,3),(662,'1','2023-02-26','18:30:00','19:00:00',5.6,3),(663,'1','2023-02-26','19:00:00','19:30:00',2.5,1),(664,'1','2023-02-26','19:30:00','20:00:00',2.1,1),(665,'1','2023-02-26','20:00:00','20:30:00',0.1,1),(666,'1','2023-02-26','20:30:00','21:00:00',0.1,1),(667,'1','2023-02-26','21:00:00','21:30:00',0,1),(668,'1','2023-02-26','21:30:00','22:00:00',0,1),(669,'1','2023-02-26','22:00:00','22:30:00',0,4),(670,'1','2023-02-26','22:30:00','23:00:00',0,4),(671,'1','2023-02-26','23:00:00','23:30:00',0,4),(672,'1','2023-02-26','23:30:00','24:00:00',0,4),(673,'1','2023-02-27','08:00:00','08:30:00',0,2),(674,'1','2023-02-27','08:30:00','09:00:00',0.1,2),(675,'1','2023-02-27','09:00:00','09:30:00',1.3,2),(676,'1','2023-02-27','09:30:00','10:00:00',5.7,2),(677,'1','2023-02-27','10:00:00','10:30:00',11.1,3),(678,'1','2023-02-27','10:30:00','11:00:00',13.4,4),(679,'1','2023-02-27','11:00:00','11:30:00',13.3,4),(680,'1','2023-02-27','11:30:00','12:00:00',17.3,5),(681,'1','2023-02-27','12:00:00','12:30:00',18.1,5),(682,'1','2023-02-27','12:30:00','13:00:00',22.8,6),(683,'1','2023-02-27','13:00:00','13:30:00',26.9,8),(684,'1','2023-02-27','13:30:00','14:00:00',21.6,7),(685,'1','2023-02-27','14:00:00','14:30:00',18.3,7),(686,'1','2023-02-27','14:30:00','15:00:00',17.2,6),(687,'1','2023-02-27','15:00:00','15:30:00',15.3,5),(688,'1','2023-02-27','15:30:00','16:00:00',14.3,4),(689,'1','2023-02-27','16:00:00','16:30:00',11.6,4),(690,'1','2023-02-27','16:30:00','17:00:00',8.3,4),(691,'1','2023-02-27','17:00:00','17:30:00',8.3,4),(692,'1','2023-02-27','17:30:00','18:00:00',7.2,4),(693,'1','2023-02-27','18:00:00','18:30:00',5.6,2),(694,'1','2023-02-27','18:30:00','19:00:00',5.6,2),(695,'1','2023-02-27','19:00:00','19:30:00',2.5,2),(696,'1','2023-02-27','19:30:00','20:00:00',2.1,2),(697,'1','2023-02-27','20:00:00','20:30:00',0.1,2),(698,'1','2023-02-27','20:30:00','21:00:00',0.1,2),(699,'1','2023-02-27','21:00:00','21:30:00',0,4),(700,'1','2023-02-27','21:30:00','22:00:00',0,4),(701,'1','2023-02-27','22:00:00','22:30:00',0,4),(702,'1','2023-02-27','22:30:00','23:00:00',0,4),(703,'1','2023-02-27','23:00:00','23:30:00',0,0),(704,'1','2023-02-27','23:30:00','24:00:00',0,0),(705,'1','2023-02-28','08:00:00','08:30:00',0,2),(706,'1','2023-02-28','08:30:00','09:00:00',0.1,2),(707,'1','2023-02-28','09:00:00','09:30:00',1.3,2),(708,'1','2023-02-28','09:30:00','10:00:00',5.7,2),(709,'1','2023-02-28','10:00:00','10:30:00',11.1,3),(710,'1','2023-02-28','10:30:00','11:00:00',13.4,4),(711,'1','2023-02-28','11:00:00','11:30:00',13.3,4),(712,'1','2023-02-28','11:30:00','12:00:00',17.3,5),(713,'1','2023-02-28','12:00:00','12:30:00',18.1,5),(714,'1','2023-02-28','12:30:00','13:00:00',22.8,6),(715,'1','2023-02-28','13:00:00','13:30:00',26.9,8),(716,'1','2023-02-28','13:30:00','14:00:00',21.6,7),(717,'1','2023-02-28','14:00:00','14:30:00',18.3,7),(718,'1','2023-02-28','14:30:00','15:00:00',17.2,6),(719,'1','2023-02-28','15:00:00','15:30:00',15.3,5),(720,'1','2023-02-28','15:30:00','16:00:00',14.3,4),(721,'1','2023-02-28','16:00:00','16:30:00',11.6,4),(722,'1','2023-02-28','16:30:00','17:00:00',8.3,4),(723,'1','2023-02-28','17:00:00','17:30:00',8.3,4),(724,'1','2023-02-28','17:30:00','18:00:00',7.2,4),(725,'1','2023-02-28','18:00:00','18:30:00',5.6,2),(726,'1','2023-02-28','18:30:00','19:00:00',5.6,2),(727,'1','2023-02-28','19:00:00','19:30:00',2.5,2),(728,'1','2023-02-28','19:30:00','20:00:00',2.1,2),(729,'1','2023-02-28','20:00:00','20:30:00',0.1,2),(730,'1','2023-02-28','20:30:00','21:00:00',0.1,2),(731,'1','2023-02-28','21:00:00','21:30:00',0,4),(732,'1','2023-02-28','21:30:00','22:00:00',0,4),(733,'1','2023-02-28','22:00:00','22:30:00',0,4),(734,'1','2023-02-28','22:30:00','23:00:00',0,4),(735,'1','2023-02-28','23:00:00','23:30:00',0,0),(736,'1','2023-02-28','23:30:00','24:00:00',0,0),(737,'1','2023-03-01','08:00:00','08:30:00',0,2),(738,'1','2023-03-01','08:30:00','09:00:00',0.1,2),(739,'1','2023-03-01','09:00:00','09:30:00',1.3,2),(740,'1','2023-03-01','09:30:00','10:00:00',5.7,2),(741,'1','2023-03-01','10:00:00','10:30:00',11.1,3),(742,'1','2023-03-01','10:30:00','11:00:00',13.4,4),(743,'1','2023-03-01','11:00:00','11:30:00',13.3,4),(744,'1','2023-03-01','11:30:00','12:00:00',17.3,5),(745,'1','2023-03-01','12:00:00','12:30:00',18.1,5),(746,'1','2023-03-01','12:30:00','13:00:00',22.8,6),(747,'1','2023-03-01','13:00:00','13:30:00',26.9,8),(748,'1','2023-03-01','13:30:00','14:00:00',21.6,7),(749,'1','2023-03-01','14:00:00','14:30:00',18.3,7),(750,'1','2023-03-01','14:30:00','15:00:00',17.2,6),(751,'1','2023-03-01','15:00:00','15:30:00',15.3,5),(752,'1','2023-03-01','15:30:00','16:00:00',14.3,4),(753,'1','2023-03-01','16:00:00','16:30:00',11.6,4),(754,'1','2023-03-01','16:30:00','17:00:00',8.3,4),(755,'1','2023-03-01','17:00:00','17:30:00',8.3,4),(756,'1','2023-03-01','17:30:00','18:00:00',7.2,4),(757,'1','2023-03-01','18:00:00','18:30:00',5.6,2),(758,'1','2023-03-01','18:30:00','19:00:00',5.6,2),(759,'1','2023-03-01','19:00:00','19:30:00',2.5,2),(760,'1','2023-03-01','19:30:00','20:00:00',2.1,2),(761,'1','2023-03-01','20:00:00','20:30:00',0.1,2),(762,'1','2023-03-01','20:30:00','21:00:00',0.1,2),(763,'1','2023-03-01','21:00:00','21:30:00',0,4),(764,'1','2023-03-01','21:30:00','22:00:00',0,4),(765,'1','2023-03-01','22:00:00','22:30:00',0,4),(766,'1','2023-03-01','22:30:00','23:00:00',0,4),(767,'1','2023-03-01','23:00:00','23:30:00',0,0),(768,'1','2023-03-01','23:30:00','24:00:00',0,0),(769,'1','2023-03-02','08:00:00','08:30:00',0,2),(770,'1','2023-03-02','08:30:00','09:00:00',0.1,2),(771,'1','2023-03-02','09:00:00','09:30:00',1.3,2),(772,'1','2023-03-02','09:30:00','10:00:00',5.7,2),(773,'1','2023-03-02','10:00:00','10:30:00',11.1,3),(774,'1','2023-03-02','10:30:00','11:00:00',13.4,4),(775,'1','2023-03-02','11:00:00','11:30:00',13.3,4),(776,'1','2023-03-02','11:30:00','12:00:00',17.3,5),(777,'1','2023-03-02','12:00:00','12:30:00',18.1,5),(778,'1','2023-03-02','12:30:00','13:00:00',22.8,6),(779,'1','2023-03-02','13:00:00','13:30:00',26.9,8),(780,'1','2023-03-02','13:30:00','14:00:00',21.6,7),(781,'1','2023-03-02','14:00:00','14:30:00',18.3,7),(782,'1','2023-03-02','14:30:00','15:00:00',17.2,6),(783,'1','2023-03-02','15:00:00','15:30:00',15.3,5),(784,'1','2023-03-02','15:30:00','16:00:00',14.3,4),(785,'1','2023-03-02','16:00:00','16:30:00',11.6,4),(786,'1','2023-03-02','16:30:00','17:00:00',8.3,4),(787,'1','2023-03-02','17:00:00','17:30:00',8.3,4),(788,'1','2023-03-02','17:30:00','18:00:00',7.2,4),(789,'1','2023-03-02','18:00:00','18:30:00',5.6,2),(790,'1','2023-03-02','18:30:00','19:00:00',5.6,2),(791,'1','2023-03-02','19:00:00','19:30:00',2.5,2),(792,'1','2023-03-02','19:30:00','20:00:00',2.1,2),(793,'1','2023-03-02','20:00:00','20:30:00',0.1,2),(794,'1','2023-03-02','20:30:00','21:00:00',0.1,2),(795,'1','2023-03-02','21:00:00','21:30:00',0,4),(796,'1','2023-03-02','21:30:00','22:00:00',0,4),(797,'1','2023-03-02','22:00:00','22:30:00',0,4),(798,'1','2023-03-02','22:30:00','23:00:00',0,4),(799,'1','2023-03-02','23:00:00','23:30:00',0,0),(800,'1','2023-03-02','23:30:00','24:00:00',0,0),(801,'1','2023-03-03','08:00:00','08:30:00',0,2),(802,'1','2023-03-03','08:30:00','09:00:00',0.1,2),(803,'1','2023-03-03','09:00:00','09:30:00',1.3,2),(804,'1','2023-03-03','09:30:00','10:00:00',5.7,2),(805,'1','2023-03-03','10:00:00','10:30:00',11.1,3),(806,'1','2023-03-03','10:30:00','11:00:00',13.4,4),(807,'1','2023-03-03','11:00:00','11:30:00',13.3,4),(808,'1','2023-03-03','11:30:00','12:00:00',17.3,5),(809,'1','2023-03-03','12:00:00','12:30:00',18.1,5),(810,'1','2023-03-03','12:30:00','13:00:00',22.8,6),(811,'1','2023-03-03','13:00:00','13:30:00',26.9,8),(812,'1','2023-03-03','13:30:00','14:00:00',21.6,7),(813,'1','2023-03-03','14:00:00','14:30:00',18.3,7),(814,'1','2023-03-03','14:30:00','15:00:00',17.2,6),(815,'1','2023-03-03','15:00:00','15:30:00',15.3,5),(816,'1','2023-03-03','15:30:00','16:00:00',14.3,4),(817,'1','2023-03-03','16:00:00','16:30:00',11.6,4),(818,'1','2023-03-03','16:30:00','17:00:00',8.3,4),(819,'1','2023-03-03','17:00:00','17:30:00',8.3,4),(820,'1','2023-03-03','17:30:00','18:00:00',7.2,4),(821,'1','2023-03-03','18:00:00','18:30:00',5.6,2),(822,'1','2023-03-03','18:30:00','19:00:00',5.6,2),(823,'1','2023-03-03','19:00:00','19:30:00',2.5,2),(824,'1','2023-03-03','19:30:00','20:00:00',2.1,2),(825,'1','2023-03-03','20:00:00','20:30:00',0.1,2),(826,'1','2023-03-03','20:30:00','21:00:00',0.1,2),(827,'1','2023-03-03','21:00:00','21:30:00',0,4),(828,'1','2023-03-03','21:30:00','22:00:00',0,4),(829,'1','2023-03-03','22:00:00','22:30:00',0,4),(830,'1','2023-03-03','22:30:00','23:00:00',0,4),(831,'1','2023-03-03','23:00:00','23:30:00',0,0),(832,'1','2023-03-03','23:30:00','24:00:00',0,0),(833,'1','2023-03-04','08:00:00','08:30:00',0,0),(834,'1','2023-03-04','08:30:00','09:00:00',0.1,0),(835,'1','2023-03-04','09:00:00','09:30:00',1.3,2),(836,'1','2023-03-04','09:30:00','10:00:00',5.7,2),(837,'1','2023-03-04','10:00:00','10:30:00',11.1,3),(838,'1','2023-03-04','10:30:00','11:00:00',13.4,4),(839,'1','2023-03-04','11:00:00','11:30:00',13.3,4),(840,'1','2023-03-04','11:30:00','12:00:00',17.3,5),(841,'1','2023-03-04','12:00:00','12:30:00',18.1,5),(842,'1','2023-03-04','12:30:00','13:00:00',22.8,6),(843,'1','2023-03-04','13:00:00','13:30:00',26.9,8),(844,'1','2023-03-04','13:30:00','14:00:00',21.6,7),(845,'1','2023-03-04','14:00:00','14:30:00',18.3,5),(846,'1','2023-03-04','14:30:00','15:00:00',17.2,5),(847,'1','2023-03-04','15:00:00','15:30:00',15.3,5),(848,'1','2023-03-04','15:30:00','16:00:00',14.3,4),(849,'1','2023-03-04','16:00:00','16:30:00',11.6,4),(850,'1','2023-03-04','16:30:00','17:00:00',8.3,4),(851,'1','2023-03-04','17:00:00','17:30:00',8.3,4),(852,'1','2023-03-04','17:30:00','18:00:00',7.2,3),(853,'1','2023-03-04','18:00:00','18:30:00',5.6,3),(854,'1','2023-03-04','18:30:00','19:00:00',5.6,3),(855,'1','2023-03-04','19:00:00','19:30:00',2.5,1),(856,'1','2023-03-04','19:30:00','20:00:00',2.1,1),(857,'1','2023-03-04','20:00:00','20:30:00',0.1,1),(858,'1','2023-03-04','20:30:00','21:00:00',0.1,1),(859,'1','2023-03-04','21:00:00','21:30:00',0,1),(860,'1','2023-03-04','21:30:00','22:00:00',0,1),(861,'1','2023-03-04','22:00:00','22:30:00',0,4),(862,'1','2023-03-04','22:30:00','23:00:00',0,4),(863,'1','2023-03-04','23:00:00','23:30:00',0,4),(864,'1','2023-03-04','23:30:00','24:00:00',0,4),(865,'1','2023-03-05','08:00:00','08:30:00',0,0),(866,'1','2023-03-05','08:30:00','09:00:00',0.1,0),(867,'1','2023-03-05','09:00:00','09:30:00',1.3,2),(868,'1','2023-03-05','09:30:00','10:00:00',5.7,2),(869,'1','2023-03-05','10:00:00','10:30:00',11.1,3),(870,'1','2023-03-05','10:30:00','11:00:00',13.4,4),(871,'1','2023-03-05','11:00:00','11:30:00',13.3,4),(872,'1','2023-03-05','11:30:00','12:00:00',17.3,5),(873,'1','2023-03-05','12:00:00','12:30:00',18.1,5),(874,'1','2023-03-05','12:30:00','13:00:00',22.8,6),(875,'1','2023-03-05','13:00:00','13:30:00',26.9,8),(876,'1','2023-03-05','13:30:00','14:00:00',21.6,7),(877,'1','2023-03-05','14:00:00','14:30:00',18.3,5),(878,'1','2023-03-05','14:30:00','15:00:00',17.2,5),(879,'1','2023-03-05','15:00:00','15:30:00',15.3,5),(880,'1','2023-03-05','15:30:00','16:00:00',14.3,4),(881,'1','2023-03-05','16:00:00','16:30:00',11.6,4),(882,'1','2023-03-05','16:30:00','17:00:00',8.3,4),(883,'1','2023-03-05','17:00:00','17:30:00',8.3,4),(884,'1','2023-03-05','17:30:00','18:00:00',7.2,3),(885,'1','2023-03-05','18:00:00','18:30:00',5.6,3),(886,'1','2023-03-05','18:30:00','19:00:00',5.6,3),(887,'1','2023-03-05','19:00:00','19:30:00',2.5,1),(888,'1','2023-03-05','19:30:00','20:00:00',2.1,1),(889,'1','2023-03-05','20:00:00','20:30:00',0.1,1),(890,'1','2023-03-05','20:30:00','21:00:00',0.1,1),(891,'1','2023-03-05','21:00:00','21:30:00',0,1),(892,'1','2023-03-05','21:30:00','22:00:00',0,1),(893,'1','2023-03-05','22:00:00','22:30:00',0,4),(894,'1','2023-03-05','22:30:00','23:00:00',0,4),(895,'1','2023-03-05','23:00:00','23:30:00',0,4),(896,'1','2023-03-05','23:30:00','24:00:00',0,4),(897,'1','2023-03-06','08:00:00','08:30:00',0,0),(898,'1','2023-03-06','08:30:00','09:00:00',0.1,0),(899,'1','2023-03-06','09:00:00','09:30:00',1.3,0),(900,'1','2023-03-06','09:30:00','10:00:00',5.7,0),(901,'1','2023-03-06','10:00:00','10:30:00',11.1,0),(902,'1','2023-03-06','10:30:00','11:00:00',13.4,0),(903,'1','2023-03-06','11:00:00','11:30:00',13.3,0),(904,'1','2023-03-06','11:30:00','12:00:00',17.3,0),(905,'1','2023-03-06','12:00:00','12:30:00',18.1,0),(906,'1','2023-03-06','12:30:00','13:00:00',22.8,0),(907,'1','2023-03-06','13:00:00','13:30:00',26.9,0),(908,'1','2023-03-06','13:30:00','14:00:00',21.6,0),(909,'1','2023-03-06','14:00:00','14:30:00',18.3,0),(910,'1','2023-03-06','14:30:00','15:00:00',17.2,0),(911,'1','2023-03-06','15:00:00','15:30:00',15.3,0),(912,'1','2023-03-06','15:30:00','16:00:00',14.3,0),(913,'1','2023-03-06','16:00:00','16:30:00',11.6,0),(914,'1','2023-03-06','16:30:00','17:00:00',8.3,0),(915,'1','2023-03-06','17:00:00','17:30:00',8.3,0),(916,'1','2023-03-06','17:30:00','18:00:00',7.2,0),(917,'1','2023-03-06','18:00:00','18:30:00',5.6,0),(918,'1','2023-03-06','18:30:00','19:00:00',5.6,0),(919,'1','2023-03-06','19:00:00','19:30:00',2.5,0),(920,'1','2023-03-06','19:30:00','20:00:00',2.1,0),(921,'1','2023-03-06','20:00:00','20:30:00',0.1,0),(922,'1','2023-03-06','20:30:00','21:00:00',0.1,0),(923,'1','2023-03-06','21:00:00','21:30:00',0,0),(924,'1','2023-03-06','21:30:00','22:00:00',0,0),(925,'1','2023-03-06','22:00:00','22:30:00',0,0),(926,'1','2023-03-06','22:30:00','23:00:00',0,0),(927,'1','2023-03-06','23:00:00','23:30:00',0,0),(928,'1','2023-03-06','23:30:00','24:00:00',0,0),(929,'1','2023-03-07','08:00:00','08:30:00',0,0),(930,'1','2023-03-07','08:30:00','09:00:00',0.1,0),(931,'1','2023-03-07','09:00:00','09:30:00',1.3,0),(932,'1','2023-03-07','09:30:00','10:00:00',5.7,0),(933,'1','2023-03-07','10:00:00','10:30:00',11.1,0),(934,'1','2023-03-07','10:30:00','11:00:00',13.4,0),(935,'1','2023-03-07','11:00:00','11:30:00',13.3,0),(936,'1','2023-03-07','11:30:00','12:00:00',17.3,0),(937,'1','2023-03-07','12:00:00','12:30:00',18.1,0),(938,'1','2023-03-07','12:30:00','13:00:00',22.8,0),(939,'1','2023-03-07','13:00:00','13:30:00',26.9,0),(940,'1','2023-03-07','13:30:00','14:00:00',21.6,0),(941,'1','2023-03-07','14:00:00','14:30:00',18.3,0),(942,'1','2023-03-07','14:30:00','15:00:00',17.2,0),(943,'1','2023-03-07','15:00:00','15:30:00',15.3,0),(944,'1','2023-03-07','15:30:00','16:00:00',14.3,0),(945,'1','2023-03-07','16:00:00','16:30:00',11.6,0),(946,'1','2023-03-07','16:30:00','17:00:00',8.3,0),(947,'1','2023-03-07','17:00:00','17:30:00',8.3,0),(948,'1','2023-03-07','17:30:00','18:00:00',7.2,0),(949,'1','2023-03-07','18:00:00','18:30:00',5.6,0),(950,'1','2023-03-07','18:30:00','19:00:00',5.6,0),(951,'1','2023-03-07','19:00:00','19:30:00',2.5,0),(952,'1','2023-03-07','19:30:00','20:00:00',2.1,0),(953,'1','2023-03-07','20:00:00','20:30:00',0.1,0),(954,'1','2023-03-07','20:30:00','21:00:00',0.1,0),(955,'1','2023-03-07','21:00:00','21:30:00',0,0),(956,'1','2023-03-07','21:30:00','22:00:00',0,0),(957,'1','2023-03-07','22:00:00','22:30:00',0,0),(958,'1','2023-03-07','22:30:00','23:00:00',0,0),(959,'1','2023-03-07','23:00:00','23:30:00',0,0),(960,'1','2023-03-07','23:30:00','24:00:00',0,0),(961,'1','2023-03-08','08:00:00','08:30:00',0,0),(962,'1','2023-03-08','08:30:00','09:00:00',0.1,0),(963,'1','2023-03-08','09:00:00','09:30:00',1.3,0),(964,'1','2023-03-08','09:30:00','10:00:00',5.7,0),(965,'1','2023-03-08','10:00:00','10:30:00',11.1,0),(966,'1','2023-03-08','10:30:00','11:00:00',13.4,0),(967,'1','2023-03-08','11:00:00','11:30:00',13.3,0),(968,'1','2023-03-08','11:30:00','12:00:00',17.3,0),(969,'1','2023-03-08','12:00:00','12:30:00',18.1,0),(970,'1','2023-03-08','12:30:00','13:00:00',22.8,0),(971,'1','2023-03-08','13:00:00','13:30:00',26.9,0),(972,'1','2023-03-08','13:30:00','14:00:00',21.6,0),(973,'1','2023-03-08','14:00:00','14:30:00',18.3,0),(974,'1','2023-03-08','14:30:00','15:00:00',17.2,0),(975,'1','2023-03-08','15:00:00','15:30:00',15.3,0),(976,'1','2023-03-08','15:30:00','16:00:00',14.3,0),(977,'1','2023-03-08','16:00:00','16:30:00',11.6,0),(978,'1','2023-03-08','16:30:00','17:00:00',8.3,0),(979,'1','2023-03-08','17:00:00','17:30:00',8.3,0),(980,'1','2023-03-08','17:30:00','18:00:00',7.2,0),(981,'1','2023-03-08','18:00:00','18:30:00',5.6,0),(982,'1','2023-03-08','18:30:00','19:00:00',5.6,0),(983,'1','2023-03-08','19:00:00','19:30:00',2.5,0),(984,'1','2023-03-08','19:30:00','20:00:00',2.1,0),(985,'1','2023-03-08','20:00:00','20:30:00',0.1,0),(986,'1','2023-03-08','20:30:00','21:00:00',0.1,0),(987,'1','2023-03-08','21:00:00','21:30:00',0,0),(988,'1','2023-03-08','21:30:00','22:00:00',0,0),(989,'1','2023-03-08','22:00:00','22:30:00',0,0),(990,'1','2023-03-08','22:30:00','23:00:00',0,0),(991,'1','2023-03-08','23:00:00','23:30:00',0,0),(992,'1','2023-03-08','23:30:00','24:00:00',0,0),(993,'1','2023-03-09','08:00:00','08:30:00',0,0),(994,'1','2023-03-09','08:30:00','09:00:00',0.1,0),(995,'1','2023-03-09','09:00:00','09:30:00',1.3,0),(996,'1','2023-03-09','09:30:00','10:00:00',5.7,0),(997,'1','2023-03-09','10:00:00','10:30:00',11.1,0),(998,'1','2023-03-09','10:30:00','11:00:00',13.4,0),(999,'1','2023-03-09','11:00:00','11:30:00',13.3,0),(1000,'1','2023-03-09','11:30:00','12:00:00',17.3,0),(1001,'1','2023-03-09','12:00:00','12:30:00',18.1,0),(1002,'1','2023-03-09','12:30:00','13:00:00',22.8,0),(1003,'1','2023-03-09','13:00:00','13:30:00',26.9,0),(1004,'1','2023-03-09','13:30:00','14:00:00',21.6,0),(1005,'1','2023-03-09','14:00:00','14:30:00',18.3,0),(1006,'1','2023-03-09','14:30:00','15:00:00',17.2,0),(1007,'1','2023-03-09','15:00:00','15:30:00',15.3,0),(1008,'1','2023-03-09','15:30:00','16:00:00',14.3,0),(1009,'1','2023-03-09','16:00:00','16:30:00',11.6,0),(1010,'1','2023-03-09','16:30:00','17:00:00',8.3,0),(1011,'1','2023-03-09','17:00:00','17:30:00',8.3,0),(1012,'1','2023-03-09','17:30:00','18:00:00',7.2,0),(1013,'1','2023-03-09','18:00:00','18:30:00',5.6,0),(1014,'1','2023-03-09','18:30:00','19:00:00',5.6,0),(1015,'1','2023-03-09','19:00:00','19:30:00',2.5,0),(1016,'1','2023-03-09','19:30:00','20:00:00',2.1,0),(1017,'1','2023-03-09','20:00:00','20:30:00',0.1,0),(1018,'1','2023-03-09','20:30:00','21:00:00',0.1,0),(1019,'1','2023-03-09','21:00:00','21:30:00',0,0),(1020,'1','2023-03-09','21:30:00','22:00:00',0,0),(1021,'1','2023-03-09','22:00:00','22:30:00',0,0),(1022,'1','2023-03-09','22:30:00','23:00:00',0,0),(1023,'1','2023-03-09','23:00:00','23:30:00',0,0),(1024,'1','2023-03-09','23:30:00','24:00:00',0,0),(1025,'1','2023-03-10','08:00:00','08:30:00',0,0),(1026,'1','2023-03-10','08:30:00','09:00:00',0.1,0),(1027,'1','2023-03-10','09:00:00','09:30:00',1.3,0),(1028,'1','2023-03-10','09:30:00','10:00:00',5.7,0),(1029,'1','2023-03-10','10:00:00','10:30:00',11.1,0),(1030,'1','2023-03-10','10:30:00','11:00:00',13.4,0),(1031,'1','2023-03-10','11:00:00','11:30:00',13.3,0),(1032,'1','2023-03-10','11:30:00','12:00:00',17.3,0),(1033,'1','2023-03-10','12:00:00','12:30:00',18.1,0),(1034,'1','2023-03-10','12:30:00','13:00:00',22.8,0),(1035,'1','2023-03-10','13:00:00','13:30:00',26.9,0),(1036,'1','2023-03-10','13:30:00','14:00:00',21.6,0),(1037,'1','2023-03-10','14:00:00','14:30:00',18.3,0),(1038,'1','2023-03-10','14:30:00','15:00:00',17.2,0),(1039,'1','2023-03-10','15:00:00','15:30:00',15.3,0),(1040,'1','2023-03-10','15:30:00','16:00:00',14.3,0),(1041,'1','2023-03-10','16:00:00','16:30:00',11.6,0),(1042,'1','2023-03-10','16:30:00','17:00:00',8.3,0),(1043,'1','2023-03-10','17:00:00','17:30:00',8.3,0),(1044,'1','2023-03-10','17:30:00','18:00:00',7.2,0),(1045,'1','2023-03-10','18:00:00','18:30:00',5.6,0),(1046,'1','2023-03-10','18:30:00','19:00:00',5.6,0),(1047,'1','2023-03-10','19:00:00','19:30:00',2.5,0),(1048,'1','2023-03-10','19:30:00','20:00:00',2.1,0),(1049,'1','2023-03-10','20:00:00','20:30:00',0.1,0),(1050,'1','2023-03-10','20:30:00','21:00:00',0.1,0),(1051,'1','2023-03-10','21:00:00','21:30:00',0,0),(1052,'1','2023-03-10','21:30:00','22:00:00',0,0),(1053,'1','2023-03-10','22:00:00','22:30:00',0,0),(1054,'1','2023-03-10','22:30:00','23:00:00',0,0),(1055,'1','2023-03-10','23:00:00','23:30:00',0,0),(1056,'1','2023-03-10','23:30:00','24:00:00',0,0);
/*!40000 ALTER TABLE `storestraffic` ENABLE KEYS */;
UNLOCK TABLES;
/*!40103 SET TIME_ZONE=@OLD_TIME_ZONE */;

/*!40101 SET SQL_MODE=@OLD_SQL_MODE */;
/*!40014 SET FOREIGN_KEY_CHECKS=@OLD_FOREIGN_KEY_CHECKS */;
/*!40014 SET UNIQUE_CHECKS=@OLD_UNIQUE_CHECKS */;
/*!40101 SET CHARACTER_SET_CLIENT=@OLD_CHARACTER_SET_CLIENT */;
/*!40101 SET CHARACTER_SET_RESULTS=@OLD_CHARACTER_SET_RESULTS */;
/*!40101 SET COLLATION_CONNECTION=@OLD_COLLATION_CONNECTION */;
/*!40111 SET SQL_NOTES=@OLD_SQL_NOTES */;

-- Dump completed on 2023-02-13 16:16:53
